resource_code,name,type,category,unit,price_avg,price_min,price_max,price_median,price_variants,currency,avg_cost_per_use,avg_qty_per_use,usage_count,used_in_work_items,parent_category,parent_collection,parent_department,parent_section,rec_rev
003,Τεχνίτης,Labor,Labor,ώρα,19.86,19.86,19.86,19.86,1,EUR,53.27,2.6815,968,898,Building works,Αναλυτικα Τιμολογια Εργων (ΓΓΔΕ),Building works,Building works - chapter 21,9d3ab3b32c33
002,Εργάτης ειδικευμένος,Labor,Labor,ώρα,16.84,16.84,16.84,16.84,1,EUR,53.07,3.1509,496,448,Building works,Αναλυτικα Τιμολογια Εργων (ΓΓΔΕ),Building works,Building works - chapter 11,f218df3ab0c6
001,Εργάτης ανειδίκευτος,Labor,Labor,ώρα,15.32,15.32,15.32,15.32,1,EUR,33.27,2.1722,341,327,Building works,Αναλυτικα Τιμολογια Εργων (ΓΓΔΕ),Building works,Building works - chapter 11,985579a88c69
211,Ξυλεία δρυός εγχώρια,Material,General,,17.87,1.23,750.0,1.23,2,EUR,126.94,100.6957,270,175,Building works,Αναλυτικα Τιμολογια Εργων (ΓΓΔΕ),Building works,Building works - chapter 55,345506acb7de
251,Ήλοι κοινοί (βελόνες),Material,General,kg,34.53,0.56,290.0,0.93,3,EUR,7.15,2.0911,129,128,Building works,Αναλυτικα Τιμολογια Εργων (ΓΓΔΕ),Building works,Building works - chapter 14,36040ed0cb2d
021,Ύδωρ,Material,General,m3,2.67,2.67,2.67,2.67,1,EUR,0.61,0.2267,103,103,Building works,Αναλυτικα Τιμολογια Εργων (ΓΓΔΕ),Building works,Building works - chapter 14,53dc4dcbf208
221,Τσιμέντο κοινό (Ελληνικού τύπου) με την αξία των χάρτινων σάκων Kg,Material,General,,0.1,0.1,0.1,0.1,1,EUR,22.32,223.3854,96,55,Road works,Αναλυτικα Τιμολογια Εργων (ΓΓΔΕ),Road works,Road works - chapter 25,ebe9d12b01c4
1445,ΟΙΚ 1445,Abstract Material,General,,58.88,58.88,58.88,58.88,1,EUR,1.03,0.0175,88,88,Building works,Αναλυτικα Τιμολογια Εργων (ΓΓΔΕ),Building works,Building works - chapter 42,683133159924
214,Ορυκτέλαιο,Material,General,kg,4.07,1.87,4.55,4.55,2,EUR,26.18,5.7679,78,75,Hydraulic works,Αναλυτικα Τιμολογια Εργων (ΓΓΔΕ),Hydraulic works,Hydraulic works - chapter 50,c559e1c26f0d
026,Τσιμέντο κοινό με την αξία χαρτοσάκων,Material,General,kg,0.1,0.1,0.1,0.1,1,EUR,22.49,225.1173,75,75,Building works,Αναλυτικα Τιμολογια Εργων (ΓΓΔΕ),Building works,Building works - chapter 14,688ea7cfa5b6
201,"Ξυλεία πελεκητή (για ικριώματα, στέγες κλπ.) προελεύσεως εσωτερικού",Material,General,,290.0,290.0,290.0,290.0,1,EUR,27.11,0.0935,75,75,Building works,Αναλυτικα Τιμολογια Εργων (ΓΓΔΕ),Building works,Building works - chapter 23,2a999cbe2230
203.2,"Ξυλεία πριστή λευκή προελεύσεως Κεντρικής Ευρώπης 335,00 m3 .4 Ξυλεία πριστή εγχώρια ελάτης",Material,General,,370.0,370.0,370.0,370.0,1,EUR,34.49,0.0932,73,67,Building works,Αναλυτικα Τιμολογια Εργων (ΓΓΔΕ),Building works,Building works - chapter 52,c58d320c6887
205,Ξυλεία πριστή προελεύσεως Σουηδίας Α',Material,General,,480.0,480.0,480.0,480.0,1,EUR,20.0,0.0417,69,59,Building works,Αναλυτικα Τιμολογια Εργων (ΓΓΔΕ),Building works,Building works - chapter 54,4a9bc087e81a
116,"ΔΙΑΣΤΡΩΤΗΡΑΣ ΑΣΦΑΛΤΟΣΚΥΡΟΔΕΜΑΤΟΣ (FINISHER) 18.1 BARBER GREEN 230, μέγ. πλάτους 8,00 m, ισχύος 18.2 BARBER GREEN 250, μέ",Equipment,General,ΗΜ,20.28,19.86,23.15,19.86,2,EUR,106.59,5.1977,63,55,Road works,Αναλυτικα Τιμολογια Εργων (ΓΓΔΕ),Road works,Road works - chapter 12,2ba749e00530
081,"Λίθοι αργοί λατομείου m3 11,01 ΤΕΧΝΗΤΑ ΠΕΤΡΩΔΗ ΥΛΙΚΑ",Material,General,,8.95,8.95,8.95,8.95,1,EUR,3.93,0.4397,58,58,Building works,Αναλυτικα Τιμολογια Εργων (ΓΓΔΕ),Building works,Building works - chapter 34,0acc65501604
1444,ΟΙΚ 1444,Abstract Material,General,,73.12,73.12,73.12,73.12,1,EUR,0.22,0.003,56,56,Building works,Αναλυτικα Τιμολογια Εργων (ΓΓΔΕ),Building works,Building works - chapter 71,254e0e58e3e2
213,Ζελατοδυναμίτιδα 30%,Material,General,kg,2.88,1.87,4.55,1.87,2,EUR,12.71,2.9575,53,47,Road works,Αναλυτικα Τιμολογια Εργων (ΓΓΔΕ),Road works,Road works - chapter 11,c2695dcfd139
1407,ΟΙΚ 1407,Abstract Material,General,,37.6,37.6,37.6,37.6,1,EUR,7.26,0.1931,49,49,Building works,Αναλυτικα Τιμολογια Εργων (ΓΓΔΕ),Building works,Building works - chapter 14,d35f4d436e8b
1417,ΟΙΚ 1417,Abstract Material,General,,37.68,37.68,37.68,37.68,1,EUR,4.19,0.1112,41,41,Building works,Αναλυτικα Τιμολογια Εργων (ΓΓΔΕ),Building works,Building works - chapter 42,f42ed9fbdc88
1447,ΟΙΚ 1447,Abstract Material,General,,56.15,56.15,56.15,56.15,1,EUR,6.46,0.1151,39,39,Building works,Αναλυτικα Τιμολογια Εργων (ΓΓΔΕ),Building works,Building works - chapter 42,b676e222bf37
252,Ήλοι σίδηροί κοχλιοφόροι (μπουλόνια) με ροδέλα,Material,General,kg,90.13,2.18,290.0,2.18,2,EUR,18.79,1.1392,36,36,Building works,Αναλυτικα Τιμολογια Εργων (ΓΓΔΕ),Building works,Building works - chapter 52,db841bbefb0f
052,Άμμος κονιοδεμάτων,Material,General,,12.51,12.51,12.51,12.51,1,EUR,5.36,0.4281,31,31,Building works,Αναλυτικα Τιμολογια Εργων (ΓΓΔΕ),Building works,Building works - chapter 31,6ec37a75ef9d
6501,Συστήματα συνεχούς υαλοπετάσματος όψεων κτιρίου από αλουμίνιο,Abstract Material,General,,233.66,233.66,233.66,233.66,1,EUR,223.69,0.9573,30,30,Building works,Αναλυτικα Τιμολογια Εργων (ΓΓΔΕ),Building works,Building works - chapter 65,88bc12b791a4
265,Σίδηρος σε λάμες και τετράγωνα,Material,General,kg,4.68,0.87,115.1,0.87,2,EUR,4.95,1.308,30,29,Building works,Αναλυτικα Τιμολογια Εργων (ΓΓΔΕ),Building works,Building works - chapter 48,076014c4313d
222,Τσιμέντο καθαρό (χωρίς θηραϊκή γη) με την αξία των χάρτινων σάκων Kg,Material,General,,0.11,0.07,0.12,0.12,2,EUR,35.8,308.6207,29,26,Road works,Αναλυτικα Τιμολογια Εργων (ΓΓΔΕ),Road works,Road works - chapter 25,065eb568ce5d
6303,Πνευματικοί τύποι (φουσκωτά καλούπια),Abstract Material,General,,19.84,19.84,19.84,19.84,1,EUR,101.95,5.1393,29,29,Hydraulic works,Αναλυτικα Τιμολογια Εργων (ΓΓΔΕ),Hydraulic works,Hydraulic works - chapter 67,b51cd1db9331
051,Άμμος κονιαμάτων,Material,General,m3,12.51,12.51,12.51,12.51,1,EUR,7.63,0.61,29,29,Building works,Αναλυτικα Τιμολογια Εργων (ΓΓΔΕ),Building works,Building works - chapter 14,c724dae034ff
6328,ΥΔΡ 6328,Abstract Material,General,,158.2,158.2,158.2,158.2,1,EUR,204.47,1.2925,28,28,Hydraulic works,Αναλυτικα Τιμολογια Εργων (ΓΓΔΕ),Hydraulic works,Hydraulic works - chapter 67,2e522f6d99d2
319,"από 10 51 Γεωτρύπανο περιστροφικό με ικανότητα διατρήσεως βραχώδη εδάφη οπής διαμέτρου 146 mm σε βάθος 100 m, που περιλα",Equipment,General,ΗΜ,22.07,22.07,22.07,22.07,1,EUR,0.54,0.0243,28,4,Marine / port works,Αναλυτικα Τιμολογια Εργων (ΓΓΔΕ),Marine / port works,Marine / port works - chapter 42,99438c631290
6304,Πρόσθετη τιμή για την διαμόρφωση επιμελημένων τελειωμάτων επιφανειών σκυροδέματος,Abstract Material,General,,5.49,5.49,5.49,5.49,1,EUR,29.56,5.3804,26,8,Hydraulic works,Αναλυτικα Τιμολογια Εργων (ΓΓΔΕ),Hydraulic works,Hydraulic works - chapter 63,d997397787cb
1476,ΟΙΚ 1476,Abstract Material,General,,3.09,3.09,3.09,3.09,1,EUR,3.15,1.02,25,25,Building works,Αναλυτικα Τιμολογια Εργων (ΓΓΔΕ),Building works,Building works - chapter 54,4aafc525cacd
6325,"Παραγωγή, μεταφορά, διάστρωση, συμπύκνωση και συντήρηση σκυροδέματος Παραγωγή ή προμήθεια και μεταφορά επί τόπου του έργου σκυροδέματος οποιασδήποτε κατηγορίας ή ποιότητος, σύμφωνα με τις διατάξεις του Κανονισμού Τεχνολογίας Σκυροδέματος (ΚΤΣ), του Ε.Κ.Ω.Σ. και τις - Για κατασκευές από σκυρόδεμα κατηγορίας C10/12",Abstract Material,General,,114.91,114.91,114.91,114.91,1,EUR,22.94,0.1997,24,24,Hydraulic works,Αναλυτικα Τιμολογια Εργων (ΓΓΔΕ),Hydraulic works,Hydraulic works - chapter 67,ba25a885b1eb
6323,"Παραγωγή, μεταφορά, διάστρωση, συμπύκνωση και συντήρηση σκυροδέματος Παραγωγή ή προμήθεια και μεταφορά επί τόπου του έργου σκυροδέματος οποιασδήποτε κατηγορίας ή ποιότητος, σύμφωνα με τις διατάξεις του Κανονισμού Τεχνολογίας Σκυροδέματος (ΚΤΣ), του Ε.Κ.Ω.Σ. και τις - Για κατασκευές από σκυρόδεμα κατηγορίας C8/10",Abstract Material,General,,104.92,104.92,104.92,104.92,1,EUR,14.58,0.139,24,24,Hydraulic works,Αναλυτικα Τιμολογια Εργων (ΓΓΔΕ),Hydraulic works,Hydraulic works - chapter 67,5a1441bff11b
029,Τσιμέντο λευκό εγχώριο με την αξία χαρτοσάκων Kg,Material,General,,0.15,0.15,0.15,0.15,1,EUR,15.34,101.2864,22,22,Building works,Αναλυτικα Τιμολογια Εργων (ΓΓΔΕ),Building works,Building works - chapter 14,1c5d6b6ab9a2
1502,ΟΙΚ 1502,Abstract Material,General,,525.78,525.78,525.78,525.78,1,EUR,26.29,0.05,21,8,Building works,Αναλυτικα Τιμολογια Εργων (ΓΓΔΕ),Building works,Building works - chapter 31,32f2fd2504ae
331,"Μάρμαρο σχιστό πάχους 2 cm ορθογωνισμένο, μήκους έως 1,50 m και προελεύσεως Πεντέλης (λευκό)",Material,General,m2,76.85,76.85,76.85,76.85,1,EUR,58.25,0.758,20,20,Building works,Αναλυτικα Τιμολογια Εργων (ΓΓΔΕ),Building works,Building works - chapter 74,ef93df265f4a
441,Γυαλόχαρτο,Material,General,τεμ,0.08,0.08,0.08,0.08,1,EUR,0.04,0.5575,20,20,Building works,Αναλυτικα Τιμολογια Εργων (ΓΓΔΕ),Building works,Building works - chapter 77,625b39ccb5b9
1449,ΟΙΚ 1449,Abstract Material,General,,50.4,50.4,50.4,50.4,1,EUR,1.02,0.0203,18,18,Building works,Αναλυτικα Τιμολογια Εργων (ΓΓΔΕ),Building works,Building works - chapter 73,ea2aa9ffe8b6
6330,ΥΔΡ 6330,Abstract Material,General,,179.39,179.39,179.39,179.39,1,EUR,27.27,0.152,18,6,Hydraulic works,Αναλυτικα Τιμολογια Εργων (ΓΓΔΕ),Hydraulic works,Hydraulic works - chapter 63,3faa6f06e919
032,Θηραϊκή γη,Material,General,,36.0,36.0,36.0,36.0,1,EUR,11.14,0.3093,15,15,Building works,Αναλυτικα Τιμολογια Εργων (ΓΓΔΕ),Building works,Building works - chapter 14,03464e5c512b
065,"Σύντριμμα (γαρμπίλι) διαστ. 0,4 έως 1 cm",Material,General,,10.49,10.49,10.49,10.49,1,EUR,2.74,0.2615,15,15,Building works,Αναλυτικα Τιμολογια Εργων (ΓΓΔΕ),Building works,Building works - chapter 32,62ca1b26011f
442,Σμυριδόπανο,Material,General,τεμ,0.12,0.12,0.12,0.12,1,EUR,0.03,0.2554,14,14,Building works,Αναλυτικα Τιμολογια Εργων (ΓΓΔΕ),Building works,Building works - chapter 77,84569c1448df
6310,ΥΔΡ 6310,Abstract Material,General,,1.43,1.43,1.43,1.43,1,EUR,16.02,11.192,14,8,Hydraulic works,Αναλυτικα Τιμολογια Εργων (ΓΓΔΕ),Hydraulic works,Hydraulic works - chapter 63,18a1de4caa56
6329.2,"Παραγωγή, μεταφορά, διάστρωση, συμπύκνωση και συντήρηση σκυροδέματος Παραγωγή ή προμήθεια και μεταφορά επί τόπου του έργου σκυροδέματος οποιασδήποτε κατηγορίας ή ποιότητος, σύμφωνα με τις διατάξεις του Κανονισμού Τεχνολογίας Σκυροδέματος (ΚΤΣ), του Ε.Κ.Ω.Σ. και τις - Για κατασκευές από σκυρόδεμα κατηγορίας C20/25",Abstract Material,General,,164.99,164.99,164.99,164.99,1,EUR,26.52,0.1607,14,8,Hydraulic works,Αναλυτικα Τιμολογια Εργων (ΓΓΔΕ),Hydraulic works,Hydraulic works - chapter 63,3d8e73f00ac5
321,"Μάρμαρο ολόσωμων βαθμίδων χρήσιμου μήκους έως 1,00 m και προελεύσεως Πεντέλης (λευκό)",Material,General,m,0.57,0.57,0.57,0.57,1,EUR,24.02,36.3779,14,10,Building works,Αναλυτικα Τιμολογια Εργων (ΓΓΔΕ),Building works,Building works - chapter 75,8ce5662f0024
398.1,"Μπεντονίτης kg 0,210 .2 Ράβδος αγκυρώσεως βράχου διαστελλομένου άκρου αντοχής θραύσεως 9t, μήκος 1,50 m τεμ 42,30 .3 Ράβδος αγκυρώσεως βράχου διαστελλομένου άκρου αντοχής θραύσεως 12 t, μήκος 2,50 m τεμ 49,80 .4 Ράβδος αγκυρώσεως βράχου PERFO, 1 ins και μήκος 2,5 m ή παρεμφερείς τεμ 71,20 .5 Ελάσματα BERNOLD ή παρεμφερή kg 5,80 .6 Αδαμαντοκορώνα τρυπάνου τύπου GRAELIUS διαμέτρου 48 mm τεμ 330,00 .7 Αδαμαντοκορώνα τρυπάνου, διαμέτρου 146 mm (δειγματοληψίας) τεμ 1360,00 .8 Χαλυβδοσωλήνας χωρίς ραφή εσωτερικής διαμέτρου 150 mm και πάχους 4,5 mm, για την επένδυση γεωτρήσεων m 30,75 .9 Χαλυβδοσωλήνας με διαμήκη ραφή γαλβανισμένος, εσωτερικής διαμέτρου 650mm και πάχους 6 mm, για την τελική σωλήνωση υδρογεωτρήσεως ""MET""",Material,General,m,0.25,0.26,0.26,0.26,1,EUR,3.83,15.0,14,14,Hydraulic works,Αναλυτικα Τιμολογια Εργων (ΓΓΔΕ),Hydraulic works,Hydraulic works - chapter 71,ce247f7e25e5
061,"Σκύρα διαστ. 0,7 έως 7 cm",Material,General,,11.0,11.0,11.0,11.0,1,EUR,8.32,0.7565,13,13,Building works,Αναλυτικα Τιμολογια Εργων (ΓΓΔΕ),Building works,Building works - chapter 32,abbd79ff5826
242,Πεπιεσμένος χάρτης (χάρντ μπορντ) πάχους 3 mm,Material,General,m2,32.15,1.5,370.0,4.5,3,EUR,21.85,4.5546,13,12,Building works,Αναλυτικα Τιμολογια Εργων (ΓΓΔΕ),Building works,Building works - chapter 56,cc0ff35133d4
056,"Χάλικες διαστ. 0,7 έως 7 cm",Material,General,,8.59,8.59,8.59,8.59,1,EUR,6.4,0.7449,13,13,Building works,Αναλυτικα Τιμολογια Εργων (ΓΓΔΕ),Building works,Building works - chapter 31,90f3813b321d
6314,ΥΔΡ 6314,Abstract Material,General,,1.99,1.99,1.99,1.99,1,EUR,16.63,8.3456,13,7,Hydraulic works,Αναλυτικα Τιμολογια Εργων (ΓΓΔΕ),Hydraulic works,Hydraulic works - chapter 63,644d1945ec48
112,Πλίνθος (οπτή) διάκενη (με οπές κατά μήκος) διαστ. 19 χ 11 χ 8 cm,Material,General,τεμ,0.08,0.08,0.08,0.08,1,EUR,15.57,196.8324,13,13,Building works,Αναλυτικα Τιμολογια Εργων (ΓΓΔΕ),Building works,Building works - chapter 38,c90126d5c5b8
333,"Μάρμαρο σχιστό πάχους 3 cm ορθογωνισμένο, μήκους έως 1,50 m και m2 προελεύσεως Πεντέλης (λευκό)",Material,General,,111.57,111.57,111.57,111.57,1,EUR,92.6,0.83,12,12,Building works,Αναλυτικα Τιμολογια Εργων (ΓΓΔΕ),Building works,Building works - chapter 74,c7d7c76b200a
1501,ΟΙΚ 1501,Abstract Material,General,,460.03,460.03,460.03,460.03,1,EUR,22.1,0.0481,12,12,Building works,Αναλυτικα Τιμολογια Εργων (ΓΓΔΕ),Building works,Building works - chapter 21,755bfe107b4a
266,Μορφοσίδηρος όλων των απλών διατομών ύψους ή πλευράς κάτω των 8 cm,Material,General,kg,0.62,0.62,0.62,0.62,1,EUR,1.81,2.9009,11,10,Building works,Αναλυτικα Τιμολογια Εργων (ΓΓΔΕ),Building works,Building works - chapter 61,ee708e05db59
457,Στόκος έτοιμος (ζύμη),Material,General,kg,0.83,0.83,0.83,0.83,1,EUR,0.46,0.5545,11,11,Building works,Αναλυτικα Τιμολογια Εργων (ΓΓΔΕ),Building works,Building works - chapter 76,1e9caff46c87
484,Ορυκτέλαιο,Material,General,kg,4.55,4.55,4.55,4.55,1,EUR,9.97,2.1909,11,11,Building works,Αναλυτικα Τιμολογια Εργων (ΓΓΔΕ),Building works,Building works - chapter 11,6a0457600e92
6326,"Παραγωγή, μεταφορά, διάστρωση, συμπύκνωση και συντήρηση σκυροδέματος Παραγωγή ή προμήθεια και μεταφορά επί τόπου του έργου σκυροδέματος οποιασδήποτε κατηγορίας ή ποιότητος, σύμφωνα με τις διατάξεις του Κανονισμού Τεχνολογίας Σκυροδέματος (ΚΤΣ), του Ε.Κ.Ω.Σ. και τις - Για κατασκευές από σκυρόδεμα κατηγορίας C12/16",Abstract Material,General,,132.9,132.9,132.9,132.9,1,EUR,68.73,0.5171,10,10,Hydraulic works,Αναλυτικα Τιμολογια Εργων (ΓΓΔΕ),Hydraulic works,Hydraulic works - chapter 67,81211f8dac8b
235,Μορφοσίδηρος ύψους πλευράς μέχρι 8 cm,Material,General,kg,0.62,0.62,0.62,0.62,1,EUR,126.73,203.5812,10,9,Road works,Αναλυτικα Τιμολογια Εργων (ΓΓΔΕ),Road works,Road works - chapter 26,7781bef5993f
212,Βενζίνη It,Material,General,,1.48,1.48,1.48,1.48,1,EUR,17.05,11.5,10,10,Hydraulic works,Αναλυτικα Τιμολογια Εργων (ΓΓΔΕ),Hydraulic works,Hydraulic works - chapter 51,ef41b7a4870d
443,Λινέλαιο ωμό,Material,General,kg,1.99,1.99,1.99,1.99,1,EUR,0.23,0.114,10,10,Building works,Αναλυτικα Τιμολογια Εργων (ΓΓΔΕ),Building works,Building works - chapter 14,601f16f13069
1446,ΟΙΚ 1446,Abstract Material,General,,49.64,49.64,49.64,49.64,1,EUR,4.65,0.0936,10,10,Building works,Αναλυτικα Τιμολογια Εργων (ΓΓΔΕ),Building works,Building works - chapter 43,9f217349ea39
231,"Λωρίδες ραμποτέ από ξυλεία πιτσπάιν, πλάτους 4 έως 7 cm, καθαρού πάχους τουλάχιστον 22 mm και μήκους τουλάχιστον 40 cm, προελεύσεως Αμερικής",Material,General,m2,3.03,0.93,22.0,0.93,2,EUR,5.24,3.265,10,10,Building works,Αναλυτικα Τιμολογια Εργων (ΓΓΔΕ),Building works,Building works - chapter 53,ace2fcd3b29c
363,Ανεμοστήριγμα γάντζος,Material,General,τεμ,0.74,0.63,1.78,0.63,2,EUR,6.36,9.73,10,10,Building works,Αναλυτικα Τιμολογια Εργων (ΓΓΔΕ),Building works,Building works - chapter 14,2177f7c525c0
1492,ΟΙΚ 1492,Abstract Material,General,,2.84,2.84,2.84,2.84,1,EUR,0.58,0.2035,10,10,Building works,Αναλυτικα Τιμολογια Εργων (ΓΓΔΕ),Building works,Building works - chapter 77,1c98a83ac153
1479,ΟΙΚ 1479,Abstract Material,General,,38.12,38.12,38.12,38.12,1,EUR,25.92,0.68,10,10,Building works,Αναλυτικα Τιμολογια Εργων (ΓΓΔΕ),Building works,Building works - chapter 54,9e88c08096ca
111,Πλίνθος (οπτή) διάκενη (με οπές κατά μήκος) διαστ. 19 χ 9 χ 6 cm,Material,General,τεμ,0.07,0.07,0.07,0.07,1,EUR,18.07,250.6,10,10,Building works,Αναλυτικα Τιμολογια Εργων (ΓΓΔΕ),Building works,Building works - chapter 46,79c785ac3ea9
128,Πλίνθος από κυψελωτό κονιόδεμα βάρους 800 οποιωνδήποτε διαστάσεων,Material,General,,88.24,88.24,88.24,88.24,1,EUR,11.18,0.1267,9,9,Building works,Αναλυτικα Τιμολογια Εργων (ΓΓΔΕ),Building works,Building works - chapter 47,39e989c759c5
035,Γύψος κοινός (φαιός),Material,General,kg,0.09,0.09,0.09,0.09,1,EUR,3.45,39.0222,9,9,Building works,Αναλυτικα Τιμολογια Εργων (ΓΓΔΕ),Building works,Building works - chapter 14,51480d5f9a0b
282,Σιδηροσωλήνας ορθογωνικής διατομής (σωλήν μορφής) κουφωμάτων οποιωνδήποτε διαστάσεων,Material,General,kg,4.21,0.99,30.0,0.99,2,EUR,4.36,1.1456,9,9,Building works,Αναλυτικα Τιμολογια Εργων (ΓΓΔΕ),Building works,Building works - chapter 62,42edb223439c
7019,ΥΔΡ 7019,Abstract Material,General,,88.8,9.19,209.3,67.36,8,EUR,69.77,0.9,9,2,Hydraulic works,Αναλυτικα Τιμολογια Εργων (ΓΓΔΕ),Hydraulic works,Hydraulic works - chapter 70,0a1edde914aa
445,Νέφτι,Material,General,kg,1.6,1.6,1.6,1.6,1,EUR,0.09,0.0556,9,9,Building works,Αναλυτικα Τιμολογια Εργων (ΓΓΔΕ),Building works,Building works - chapter 14,eef31f27d2ee
473,Βερνικόχρωμα ριπολίνης από συνθετικές ύλες,Material,General,kg,2.83,2.83,2.83,2.83,1,EUR,0.44,0.1567,9,9,Building works,Αναλυτικα Τιμολογια Εργων (ΓΓΔΕ),Building works,Building works - chapter 77,14f3a9c0ef65
332,"Μάρμαρο σχιστό πάχους 2 cm ορθογωνισμένο, μήκους άνω των 1,50 m και m2 προελεύσεως Πεντέλης (λευκό)",Material,General,,79.68,79.68,79.68,79.68,1,EUR,64.34,0.8075,8,8,Building works,Αναλυτικα Τιμολογια Εργων (ΓΓΔΕ),Building works,Building works - chapter 74,5ac88f9a0453
1418,ΟΙΚ 1418,Abstract Material,General,,39.19,39.19,39.19,39.19,1,EUR,0.61,0.0156,8,8,Building works,Αναλυτικα Τιμολογια Εργων (ΓΓΔΕ),Building works,Building works - chapter 71,07d0506f43b5
485,Πετρέλαιο ακάθαρτο (κίνησης) It,Material,General,,1.23,1.23,1.23,1.23,1,EUR,48.4,39.425,8,8,Building works,Αναλυτικα Τιμολογια Εργων (ΓΓΔΕ),Building works,Building works - chapter 11,37e168d4a1b9
444,Λινέλαιο βρασμένο,Material,General,kg,2.21,2.21,2.21,2.21,1,EUR,0.4,0.1821,7,7,Building works,Αναλυτικα Τιμολογια Εργων (ΓΓΔΕ),Building works,Building works - chapter 14,4bb5c3c72a38
370,Στήριγμα τετραξύλου (κάσσας),Material,General,τεμ,0.29,0.29,0.29,0.29,1,EUR,2.27,7.7143,7,7,Building works,Αναλυτικα Τιμολογια Εργων (ΓΓΔΕ),Building works,Building works - chapter 14,cbf9a3f4ca7b
370.8,150 — 370.16 150 — 370.24 150 — ΥΔΡ 371. ΠΛΑΣΤΙΚΟΙ ΣΩΛΗΝΕΣ ΑΠΟ PVC ονομαστικής πιέσεως,Material,General,,0.0,0.0,0.0,0.0,0,EUR,0.0,1.0,7,7,Hydraulic works,Αναλυτικα Τιμολογια Εργων (ΓΓΔΕ),Hydraulic works,Hydraulic works - chapter 67,5db27d2db50d
223,"Τσιμέντο PORTLAND υψηλής πρωίμου αντοχής, με την αξία των χαρτοσάκων",Material,General,kg,0.12,0.12,0.12,0.12,1,EUR,44.14,370.0,7,7,Hydraulic works,Αναλυτικα Τιμολογια Εργων (ΓΓΔΕ),Hydraulic works,Hydraulic works - chapter 63,5c7cb5a24aad
233,"Πλάκες συνδυασμένων λωρίδων δρυός κολλητών δαπέδων τύπου μωσάΐκ παρκέ, m2 πάχους 8 έως 10 mm, Κ. Ευρώπης",Material,General,,6.49,0.56,21.3,0.56,2,EUR,4.28,1.6449,7,6,Building works,Αναλυτικα Τιμολογια Εργων (ΓΓΔΕ),Building works,Building works - chapter 53,67f639c0f174
6069,Στρώσεις έδρασης και εγκιβωτισμός σωλήνων με άμμο προελεύσεως λατομείου,Abstract Material,General,,24.99,24.99,24.99,24.99,1,EUR,10.6,0.4243,7,7,Hydraulic works,Αναλυτικα Τιμολογια Εργων (ΓΓΔΕ),Hydraulic works,Hydraulic works - chapter 67,59852636e52b
446,Στεγνωτικό,Material,General,kg,2.66,2.66,2.66,2.66,1,EUR,0.06,0.0207,7,7,Building works,Αναλυτικα Τιμολογια Εργων (ΓΓΔΕ),Building works,Building works - chapter 14,27645b1525e5
1412,ΟΙΚ 1412,Abstract Material,General,,25.33,25.33,25.33,25.33,1,EUR,3.58,0.1414,7,7,Building works,Αναλυτικα Τιμολογια Εργων (ΓΓΔΕ),Building works,Building works - chapter 42,30b22bf45ccc
450,Παρκετίνη,Material,General,kg,60.71,2.84,83.85,83.85,2,EUR,107.87,1.3086,7,7,Building works,Αναλυτικα Τιμολογια Εργων (ΓΓΔΕ),Building works,Building works - chapter 77,02c340803a7b
1504,ΟΙΚ 1504,Abstract Material,General,,622.36,622.36,622.36,622.36,1,EUR,3.28,0.0053,7,7,Building works,Αναλυτικα Τιμολογια Εργων (ΓΓΔΕ),Building works,Building works - chapter 21,ca49b8442d81
1488,ΟΙΚ 1488,Abstract Material,General,,0.78,0.78,0.78,0.78,1,EUR,0.34,0.4314,7,7,Building works,Αναλυτικα Τιμολογια Εργων (ΓΓΔΕ),Building works,Building works - chapter 77,c0eae984de14
334,"Μάρμαρο σχιστό πάχους 3 cm ορθογωνισμένο, μήκους άνω των 1,50 m και m2 προελεύσεως Πεντέλης (λευκό)",Material,General,,119.54,119.54,119.54,119.54,1,EUR,112.71,0.9429,7,7,Building works,Αναλυτικα Τιμολογια Εργων (ΓΓΔΕ),Building works,Building works - chapter 75,967a99ccc5b4
366,"Ανεμοστήριγμα μύλος, για γερμανικά εξώφυλλα",Material,General,τεμ,20.42,5.0,23.5,23.5,2,EUR,5.65,0.5027,6,3,Building works,Αναλυτικα Τιμολογια Εργων (ΓΓΔΕ),Building works,Building works - chapter 14,8c141661419d
241,"Περιθώρια (σουβατεπιά) από ξυλεία καστανιάς πλάτους 5 έως 8 cm, πάχους τουλάχιστον 12 mm και μήκους τουλάχιστον 2 m, προελεύσεως εγχώριας",Material,General,m,7.75,7.75,7.75,7.75,1,EUR,14.42,1.7267,6,5,Building works,Αναλυτικα Τιμολογια Εργων (ΓΓΔΕ),Building works,Building works - chapter 53,39b9f81a24c2
236,"Περιθώρια (σουβατεπιά) από ξυλεία λευκή πλάτους 5 έως 8 cm, πάχους τουλάχιστον 12 mm και μήκους 2 m, προελεύσεως Ρουμανίας",Material,General,m,0.78,0.62,1.55,0.62,2,EUR,3.42,5.233,6,6,Building works,Αναλυτικα Τιμολογια Εργων (ΓΓΔΕ),Building works,Building works - chapter 53,0344ed4e8109
237,"Περιθώρια (σουβατεπιά) από ξυλεία πλάτους 5 έως 8 cm, πάχους τουλάχιστον 12 mm και μήκους τουλάχιστον 2 m, προελεύσεως Σουηδίας",Material,General,m,1.32,1.22,1.85,1.22,2,EUR,1.36,1.0267,6,6,Building works,Αναλυτικα Τιμολογια Εργων (ΓΓΔΕ),Building works,Building works - chapter 53,e8fbf7e9aaf9
460,Βερνίκι πατωμάτων διαρκείας,Material,General,kg,4.38,4.38,4.38,4.38,1,EUR,0.42,0.095,6,3,Building works,Αναλυτικα Τιμολογια Εργων (ΓΓΔΕ),Building works,Building works - chapter 77,6e62c6009d58
7005,ΥΔΡ 7005,Abstract Material,General,,1.01,0.12,3.19,0.69,6,EUR,1.01,1.0,6,2,Hydraulic works,Αναλυτικα Τιμολογια Εργων (ΓΓΔΕ),Hydraulic works,Hydraulic works - chapter 70,cc7c31f16e36
6069.1,Στρώσεις έδρασης και εγκιβωτισμός σωλήνων με άμμο προελεύσεως λατομείου,Abstract Material,General,,11.67,11.67,11.67,11.67,1,EUR,0.96,0.082,6,6,Hydraulic works,Αναλυτικα Τιμολογια Εργων (ΓΓΔΕ),Hydraulic works,Hydraulic works - chapter 63,2d14663b3a01
7001,Αδιαπέρατη επίχωση με την μεταφορά των υλικών από οποιαδήποτε απόσταση,Abstract Material,General,,1.14,0.24,3.67,0.82,6,EUR,1.08,0.9833,6,2,Hydraulic works,Αναλυτικα Τιμολογια Εργων (ΓΓΔΕ),Hydraulic works,Hydraulic works - chapter 70,e246d5cf2892
451,Τσίγκος σε σκόνη,Material,General,kg,1.21,1.21,1.21,1.21,1,EUR,0.43,0.3567,6,6,Building works,Αναλυτικα Τιμολογια Εργων (ΓΓΔΕ),Building works,Building works - chapter 14,8ea7a6ace344
1491,ΟΙΚ 1491,Abstract Material,General,,1.53,1.53,1.53,1.53,1,EUR,0.3,0.1958,6,6,Building works,Αναλυτικα Τιμολογια Εργων (ΓΓΔΕ),Building works,Building works - chapter 77,64c7fee96789
4512,ΟΔΟ 4512,Abstract Material,General,,1.77,1.77,1.77,1.77,1,EUR,0.67,0.3807,6,2,Road works,Αναλυτικα Τιμολογια Εργων (ΓΓΔΕ),Road works,Road works - chapter 44,b95e7958f55a
1489,ΟΙΚ 1489,Abstract Material,General,,0.89,0.89,0.89,0.89,1,EUR,0.18,0.2,6,6,Building works,Αναλυτικα Τιμολογια Εργων (ΓΓΔΕ),Building works,Building works - chapter 77,44b48a081e6b
024,Πολτός ασβέστη,Material,General,,45.0,45.0,45.0,45.0,1,EUR,0.1,0.0022,6,6,Building works,Αναλυτικα Τιμολογια Εργων (ΓΓΔΕ),Building works,Building works - chapter 77,3e04ce592066
346.1,"Ψηφίδες μαρμάρου λευκού, οποιουδήποτε μεγέθους kg 0,0590 .2 Ψηφίδες μαρμάρου κίτρινου ή πορτοκαλί οποιουδήποτε μεγέθους",Material,General,kg,0.06,0.06,0.06,0.06,1,EUR,1.77,31.0,6,6,Building works,Αναλυτικα Τιμολογια Εργων (ΓΓΔΕ),Building works,Building works - chapter 73,b9aad51a5801
1413,ΟΙΚ 1413,Abstract Material,General,,26.84,26.84,26.84,26.84,1,EUR,0.4,0.015,6,6,Building works,Αναλυτικα Τιμολογια Εργων (ΓΓΔΕ),Building works,Building works - chapter 71,1094f8090c5d
348,"Ψηφίδες μαρμάρου εγχρώμου, πλην κίτρινου και πορτοκαλί οποιουδήποτε μεγέθους kg 0,1068 ΣΙΔΗΡΙΚΑ - ΥΑΛΟΣ",Material,General,,0.1,0.1,0.1,0.1,1,EUR,1.17,11.3333,6,6,Building works,Αναλυτικα Τιμολογια Εργων (ΓΓΔΕ),Building works,Building works - chapter 73,2a1392564638
102,Πλίνθος (οπτή) πλήρης με σκάφη διαστ. 19 χ 9 χ 4 cm,Material,General,τεμ,0.0,0.0,0.0,0.0,0,EUR,0.0,210.0,6,6,Building works,Αναλυτικα Τιμολογια Εργων (ΓΓΔΕ),Building works,Building works - chapter 46,5f9a53d3e65a
062,"Σκύρα διαστ. 0,7 έως 3 cm ή 0,7 έως 2,5 cm",Material,General,m3,11.0,11.0,11.0,11.0,1,EUR,7.64,0.695,6,6,Building works,Αναλυτικα Τιμολογια Εργων (ΓΓΔΕ),Building works,Building works - chapter 32,10f91d707241
365,Εντομοκτόνο σκεύασμα Kg,Material,General,,25.5,25.5,25.5,25.5,1,EUR,12.82,0.5027,6,3,Landscaping / green works,Αναλυτικα Τιμολογια Εργων (ΓΓΔΕ),Landscaping / green works,Landscaping / green works - chapter 53,7087490665aa
101,Πλίνθος (οπτή) πλήρης χωρίς σκάφη διαστ. 19 χ 9 χ 4 cm,Material,General,τεμ,0.0,0.0,0.0,0.0,0,EUR,0.0,210.0,6,6,Building works,Αναλυτικα Τιμολογια Εργων (ΓΓΔΕ),Building works,Building works - chapter 46,52e8c7f87453
372,Κοχλιωτοί ήλοι (ξυλόβιδες) 20/30 σε κουτιά των 144 τεμ.,Material,General,τεμ,2.47,2.47,2.47,2.47,1,EUR,1.19,0.48,5,5,Building works,Αναλυτικα Τιμολογια Εργων (ΓΓΔΕ),Building works,Building works - chapter 14,dc69403bc566
7010,Ανάχωμα φράγματος Ζώνη 6: Σώματα Στήριξης από τυχαία υλικά,Abstract Material,General,,0.56,0.33,1.04,0.53,5,EUR,0.56,1.0,5,1,Hydraulic works,Αναλυτικα Τιμολογια Εργων (ΓΓΔΕ),Hydraulic works,Hydraulic works - chapter 70,1535234bd905
351,Στροφεύς γαλλικός No 11,Material,General,τεμ,155.59,0.74,775.0,0.74,2,EUR,164.81,3.01,5,4,Building works,Αναλυτικα Τιμολογια Εργων (ΓΓΔΕ),Building works,Building works - chapter 14,bd9fc24c2518
6082.1,ΥΔΡ 6082.1,Abstract Material,General,,104.31,104.31,104.31,104.31,1,EUR,102.22,0.98,5,4,Hydraulic works,Αναλυτικα Τιμολογια Εργων (ΓΓΔΕ),Hydraulic works,Hydraulic works - chapter 60,6b1be19855b7
243,Γαλβανισμένο συρματόπλεγμα (σαραζανέτι) Kg,Material,General,,2.4,2.4,2.4,2.4,1,EUR,6.77,2.82,5,3,Road works,Αναλυτικα Τιμολογια Εργων (ΓΓΔΕ),Road works,Road works - chapter 23,39e260742553
482,Βενζίνη It,Material,General,,1.48,1.48,1.48,1.48,1,EUR,5.16,3.48,5,5,Building works,Αναλυτικα Τιμολογια Εργων (ΓΓΔΕ),Building works,Building works - chapter 15,55d46b53a76e
7003,Διαπερατή επίχωση με την μεταφορά των υλικών από οποιαδήποτε απόσταση,Abstract Material,General,,0.89,0.12,2.34,0.62,5,EUR,0.89,1.0,5,2,Hydraulic works,Αναλυτικα Τιμολογια Εργων (ΓΓΔΕ),Hydraulic works,Hydraulic works - chapter 70,64f45c2dd56a
6360.2,ΥΔΡ 6360.2,Abstract Material,General,,58.74,10.94,119.07,34.85,5,EUR,58.74,1.0,5,1,Hydraulic works,Αναλυτικα Τιμολογια Εργων (ΓΓΔΕ),Hydraulic works,Hydraulic works - chapter 63,a2178bc957ec
6360.1,ΥΔΡ 6360.1,Abstract Material,General,,52.26,7.87,110.75,31.66,5,EUR,52.26,1.0,5,1,Hydraulic works,Αναλυτικα Τιμολογια Εργων (ΓΓΔΕ),Hydraulic works,Hydraulic works - chapter 63,cc39924adba7
6360.5,ΥΔΡ 6360.5,Abstract Material,General,,130.15,26.3,281.8,69.29,5,EUR,130.15,1.0,5,1,Hydraulic works,Αναλυτικα Τιμολογια Εργων (ΓΓΔΕ),Hydraulic works,Hydraulic works - chapter 63,ae06767a4e78
6360.6,ΥΔΡ 6360.6,Abstract Material,General,,163.39,34.85,372.34,81.46,5,EUR,163.39,1.0,5,1,Hydraulic works,Αναλυτικα Τιμολογια Εργων (ΓΓΔΕ),Hydraulic works,Hydraulic works - chapter 63,4061d7588593
6360.4,ΥΔΡ 6360.4,Abstract Material,General,,106.26,21.08,207.04,62.37,5,EUR,106.26,1.0,5,1,Hydraulic works,Αναλυτικα Τιμολογια Εργων (ΓΓΔΕ),Hydraulic works,Hydraulic works - chapter 63,174bb264845d
6360.3,ΥΔΡ 6360.3,Abstract Material,General,,81.87,15.53,157.82,41.72,5,EUR,81.87,1.0,5,1,Hydraulic works,Αναλυτικα Τιμολογια Εργων (ΓΓΔΕ),Hydraulic works,Hydraulic works - chapter 63,74ef9a7ebd7a
326,"Μάρμαρο κρασπέδων μήκους άνω των 0,80 m και προελεύσεως Πεντέλης (λευκό)",Material,General,m,32.89,1.31,103.36,1.31,3,EUR,56.39,18.51,5,4,Building works,Αναλυτικα Τιμολογια Εργων (ΓΓΔΕ),Building works,Building works - chapter 75,ae92b1cca0c6
1485,ΟΙΚ 1485,Abstract Material,General,,0.85,0.85,0.85,0.85,1,EUR,0.19,0.226,5,5,Building works,Αναλυτικα Τιμολογια Εργων (ΓΓΔΕ),Building works,Building works - chapter 77,d750d809caf2
4312,ΟΔΟ 4312,Abstract Material,General,,1.77,1.77,1.77,1.77,1,EUR,0.13,0.071,5,2,Road works,Αναλυτικα Τιμολογια Εργων (ΓΓΔΕ),Road works,Road works - chapter 42,c0dc2960d281
6081.1,ΥΔΡ 6081.1,Abstract Material,General,,23.03,23.03,23.03,23.03,1,EUR,22.57,0.98,5,4,Hydraulic works,Αναλυτικα Τιμολογια Εργων (ΓΓΔΕ),Hydraulic works,Hydraulic works - chapter 60,48e6189d62a3
6084.1,ΥΔΡ 6084.1,Abstract Material,General,,78.23,78.23,78.23,78.23,1,EUR,82.92,1.06,5,4,Hydraulic works,Αναλυτικα Τιμολογια Εργων (ΓΓΔΕ),Hydraulic works,Hydraulic works - chapter 60,c34ec8b21b32
6083.1,ΥΔΡ 6083.1,Abstract Material,General,,15.37,15.37,15.37,15.37,1,EUR,16.29,1.06,5,4,Hydraulic works,Αναλυτικα Τιμολογια Εργων (ΓΓΔΕ),Hydraulic works,Hydraulic works - chapter 60,5a504959a686
1471,ΟΙΚ 1471,Abstract Material,General,,5.82,5.82,5.82,5.82,1,EUR,5.82,1.0,5,5,Building works,Αναλυτικα Τιμολογια Εργων (ΓΓΔΕ),Building works,Building works - chapter 54,523a7d2d2db2
296,"Ανοδική οξείδωση επιφανειών αλουμινίου, χρώματος λευκού, πάχους 20μm",Material,General,m2,12.47,12.47,12.47,12.47,1,EUR,5.86,0.47,5,5,Building works,Αναλυτικα Τιμολογια Εργων (ΓΓΔΕ),Building works,Building works - chapter 65,4216b404c792
4662.2,ΟΙΚ 4662.2,Abstract Material,General,,22.72,22.72,22.72,22.72,1,EUR,18.63,0.82,5,4,Building works,Αναλυτικα Τιμολογια Εργων (ΓΓΔΕ),Building works,Building works - chapter 48,e2871e764dbf
4664.1,ΟΙΚ 4664.1,Abstract Material,General,,42.81,42.81,42.81,42.81,1,EUR,34.68,0.81,5,4,Building works,Αναλυτικα Τιμολογια Εργων (ΓΓΔΕ),Building works,Building works - chapter 48,ae4485d4db65
4664.2,ΟΙΚ 4664.2,Abstract Material,General,,43.64,43.64,43.64,43.64,1,EUR,35.35,0.81,5,4,Building works,Αναλυτικα Τιμολογια Εργων (ΓΓΔΕ),Building works,Building works - chapter 48,e0dd1c55051e
4665.1,ΟΙΚ 4665.1,Abstract Material,General,,64.43,64.43,64.43,64.43,1,EUR,51.93,0.806,5,4,Building works,Αναλυτικα Τιμολογια Εργων (ΓΓΔΕ),Building works,Building works - chapter 48,b433d3084450
4665.2,ΟΙΚ 4665.2,Abstract Material,General,,65.31,65.31,65.31,65.31,1,EUR,52.64,0.806,5,4,Building works,Αναλυτικα Τιμολογια Εργων (ΓΓΔΕ),Building works,Building works - chapter 48,014008fd55bd
232,"Λωρίδες παρκέτου από ξυλεία δρυός, πλάτους 4 έως 6 cm, καθαρού πάχους τουλάχιστον 20 mm και μήκους 25 έως 35 cm, προελεύσεως Σλοβενίας (μετά χρυσαλλίδων 50%, ως ΑΤΟΕ 5341)",Material,General,m2,32.44,2.18,45.0,35.0,3,EUR,33.66,0.97,5,5,Building works,Αναλυτικα Τιμολογια Εργων (ΓΓΔΕ),Building works,Building works - chapter 53,3dd4b0e40d76
519,"Θερμοηχομονωτικό υλικό συντελεστή θερμοαγωγιμότητας λ ≤ 0,06 ειδικ. φαιν. βάρους δ ≤ 1000 kg/m3, διογκωμένος περλίτης",Material,General,m3,53.14,53.14,53.14,53.14,1,EUR,43.47,0.818,5,5,Building works,Αναλυτικα Τιμολογια Εργων (ΓΓΔΕ),Building works,Building works - chapter 14,07d0c1703c53
4662.1,ΟΙΚ 4662.1,Abstract Material,General,,22.3,22.3,22.3,22.3,1,EUR,18.29,0.82,5,4,Building works,Αναλυτικα Τιμολογια Εργων (ΓΓΔΕ),Building works,Building works - chapter 48,3ae278b4ea3a
361,Λαβή κοινή (χούφτα),Material,General,τεμ,8.76,1.25,31.3,1.25,2,EUR,118.31,4.5,4,4,Building works,Αναλυτικα Τιμολογια Εργων (ΓΓΔΕ),Building works,Building works - chapter 14,673fb439efab
360,Βέργα εξώφυλλων (παντζουρόβεργα) πλήρης διήκουσα καθόλο το ύψος του κουφώματος,Material,General,τεμ,36.13,12.2,102.46,14.94,3,EUR,36.13,1.0,4,4,Building works,Αναλυτικα Τιμολογια Εργων (ΓΓΔΕ),Building works,Building works - chapter 14,4b30b177e614
295,Αλουμίνιο σε ράβδους ποικίλων διατομών (προφίλ),Material,General,kg,6.49,6.49,6.49,6.49,1,EUR,21.9,3.375,4,4,Building works,Αναλυτικα Τιμολογια Εργων (ΓΓΔΕ),Building works,Building works - chapter 65,edd119d1e7c0
565.3,"διαμέτρου 1 ins, πάχους 3,25 mm m 3,06 .5 διαμέτρου 1 1/2 ins, πάχους 3,25 mm m 4,53 .6 διαμέτρου 2 ins, πάχους 3,65 mm",Material,General,m,3.8,3.8,3.8,3.8,1,EUR,4.08,1.075,4,4,Building works,Αναλυτικα Τιμολογια Εργων (ΓΓΔΕ),Building works,Building works - chapter 62,f28e6258c6a2
058,Κροκάλες διαστ. 10 έως 25 cm,Material,General,m3,7.38,7.38,7.38,7.38,1,EUR,3.69,0.5,4,4,Building works,Αναλυτικα Τιμολογια Εργων (ΓΓΔΕ),Building works,Building works - chapter 34,0098572b4b0a
261,Πλέγμα από δομικό χάλυβα (ST IV),Material,General,kg,4.23,0.61,15.1,0.61,2,EUR,4.5,1.4325,4,4,Building works,Αναλυτικα Τιμολογια Εργων (ΓΓΔΕ),Building works,Building works - chapter 38,ff32b4d9a34d
453,Στόκος σε σκόνη,Material,General,kg,0.08,0.08,0.08,0.08,1,EUR,0.03,0.45,4,4,Building works,Αναλυτικα Τιμολογια Εργων (ΓΓΔΕ),Building works,Building works - chapter 14,074048dea800
384.1,"Κορμός δύο στομίων με δικλείδες τύπου ""Ν"" ή ""HP"" τεμ 537,05 .2 Κορμός τεσσάρων στομίων με δικλείδες τύπου ""Ν"" ή ""HP"" τεμ — .3 Σύστημα προστασίας από παγετό τεμ — .4 Δίσκος πωματισμού τεμ — .5 Σωλήνωση στομίου (με υποδοχή για ρυθμιστή πιέσεως και περιοριστικής παροχής) και πώμα τεμ — .6 Σωλήνωση στομίου (με υποδοχή για περιοριστική παροχή) και πώμα τεμ — .7 Υδρόμετρο τεμ — .8 Ρυθμιστής πιέσεως από στατική πίεση 12,5 bar στις τυποποιημένες πιέσεις από 2,5 μέχρι 5 bar τεμ — .9 Περιοριστικής παροχής σε 3 ή 4 ή 6 ή 9 It/s",Material,General,τεμ,537.05,537.05,537.05,537.05,1,EUR,537.05,1.0,4,4,Hydraulic works,Αναλυτικα Τιμολογια Εργων (ΓΓΔΕ),Hydraulic works,Hydraulic works - chapter 66,7ba9d932911b
6301,Προσωρινές γεφυρώσεις ορυγμάτων για την διευκόλυνση της κυκλοφορίας των πεζών,Abstract Material,General,,6.48,6.48,6.48,6.48,1,EUR,6.48,1.0,4,4,Hydraulic works,Αναλυτικα Τιμολογια Εργων (ΓΓΔΕ),Hydraulic works,Hydraulic works - chapter 63,9333b450d6bf
243.1,"Πάχους 8 mm m2 2,66 m2 .2 Πάχους 12 mm 3,65 .3 Πάχους 16 mm m2 4,45 m2 .5 Πάχους 22 mm",Material,General,,2.7,2.7,2.7,2.7,1,EUR,1.15,0.4263,4,4,Building works,Αναλυτικα Τιμολογια Εργων (ΓΓΔΕ),Building works,Building works - chapter 54,067bfcfa0178
7361,"Επιστρώσεις με μαρμαροψηφίδες (μωσαϊκά) Επιστρώσεις με μαρμαροψηφίδες (μωσαικά), μεγέθους έως Νο 6, λευκές ή με προσθήκης ψηφίδων οποιωνδήποτε άλλων χρωμάτων, εκτελούμενες σε δύο στρώσεις. Επιμελής καθαρισμός των προς επίστρωση επιφανειών και πλύσιμο, υλικά και εργασία αναμίξεως, διαστρώσεως - Επιστρώσεις με μωσαϊκά πάχους 2,5 cm, με τσιμέντο κοινό και ψηφίδες λευκές σε ποσοστό 95%",Abstract Material,General,,48.06,48.06,48.06,48.06,1,EUR,44.45,0.925,4,4,Building works,Αναλυτικα Τιμολογια Εργων (ΓΓΔΕ),Building works,Building works - chapter 73,440eb25cb250
7755,Ελαιοχρωματισμοί κοινοί σιδηρών επιφανειών,Abstract Material,General,,20.66,20.66,20.66,20.66,1,EUR,6.2,0.3,4,4,Building works,Αναλυτικα Τιμολογια Εργων (ΓΓΔΕ),Building works,Building works - chapter 77,dc3bde2042e3
244,"Σιδηρές πασσαλοσανίδες Kg 2,47 ΞΥΛΕΙΑ",Material,General,,2.7,2.7,2.7,2.7,1,EUR,1.52,0.5625,4,4,Road works,Αναλυτικα Τιμολογια Εργων (ΓΓΔΕ),Road works,Road works - chapter 22,f6347ddd94b0
1122,ΟΔΟ 1122,Abstract Material,General,,3.16,2.18,4.15,3.16,2,EUR,1.9,0.6,4,4,Road works,Αναλυτικα Τιμολογια Εργων (ΓΓΔΕ),Road works,Road works - chapter 16,f78ee76bb945
1487,ΟΙΚ 1487,Abstract Material,General,,0.62,0.62,0.62,0.62,1,EUR,0.05,0.075,4,4,Building works,Αναλυτικα Τιμολογια Εργων (ΓΓΔΕ),Building works,Building works - chapter 77,0aa01da84fa9
493,Ασφαλτόκολλα,Material,General,kg,0.73,0.73,0.73,0.73,1,EUR,0.69,0.95,4,4,Building works,Αναλυτικα Τιμολογια Εργων (ΓΓΔΕ),Building works,Building works - chapter 72,d94ffeeeb0f2
1426,ΟΙΚ 1426,Abstract Material,General,,152.46,152.46,152.46,152.46,1,EUR,1.03,0.0067,4,4,Building works,Αναλυτικα Τιμολογια Εργων (ΓΓΔΕ),Building works,Building works - chapter 71,d3a6ddd5dd4c
215,"Καθαρό πετρέλαιο (φωτιστικό) It 0,8469 ΚΟΝΙΕΣ",Material,General,,1.11,1.11,1.11,1.11,1,EUR,0.35,0.3187,4,4,Road works,Αναλυτικα Τιμολογια Εργων (ΓΓΔΕ),Road works,Road works - chapter 67,0c65d027e3f6
273,Λαμαρίνα γαλβανισμένη επίπεδη,Material,General,kg,1.08,1.08,1.08,1.08,1,EUR,0.95,0.875,4,3,Building works,Αναλυτικα Τιμολογια Εργων (ΓΓΔΕ),Building works,Building works - chapter 72,770d99aa4464
067,Σκύρα κισήρεως διαστ. 1 έως 5 cm,Material,General,,45.5,45.5,45.5,45.5,1,EUR,35.72,0.785,4,4,Building works,Αναλυτικα Τιμολογια Εργων (ΓΓΔΕ),Building works,Building works - chapter 35,bf563925f7b2
1422,ΟΙΚ 1422,Abstract Material,General,,0.0,0.0,0.0,0.0,0,EUR,0.0,0.016,4,4,Building works,Αναλυτικα Τιμολογια Εργων (ΓΓΔΕ),Building works,Building works - chapter 71,d87eec35d302
142,"Κέραμος κοίλη μηχανοποίητη διαστ. 42,5 χ 20,5 cm μέση τιμή στρωτήρα και καλυπτήρα",Material,General,τεμ,0.39,0.39,0.39,0.39,1,EUR,10.01,26.0,4,4,Building works,Αναλυτικα Τιμολογια Εργων (ΓΓΔΕ),Building works,Building works - chapter 72,4b69ee4faee0
1427,ΟΙΚ 1427,Abstract Material,General,,163.3,163.3,163.3,163.3,1,EUR,1.02,0.0063,4,4,Building works,Αναλυτικα Τιμολογια Εργων (ΓΓΔΕ),Building works,Building works - chapter 71,3e035d26d395
566.3,"διαμέτρου 1 ins, πάχους 3,25 mm m 4,09 .5 διαμέτρου 1 1/2 ins, πάχους 3,25 mm m 6,24 .6 διαμέτρου 2 ins, πάχους 3,65 mm",Material,General,m,5.05,5.05,5.05,5.05,1,EUR,6.57,1.3,3,3,Building works,Αναλυτικα Τιμολογια Εργων (ΓΓΔΕ),Building works,Building works - chapter 64,e4e3ce747c53
294,"Αλουμίνιο σε φύλλα πάχους 0,50 mm",Material,General,kg,3.52,3.52,3.52,3.52,1,EUR,7.8,2.2159,3,2,Building works,Αναλυτικα Τιμολογια Εργων (ΓΓΔΕ),Building works,Building works - chapter 65,2454a9b4ef50
252.1,Ξυλεία λάρτζινη πριστή εγχώρια — .2 Ξυλεία δρύινη πριστή εγχώρια,Material,General,m3,0.0,0.0,0.0,0.0,0,EUR,0.0,0.024,3,3,Hydraulic works,Αναλυτικα Τιμολογια Εργων (ΓΓΔΕ),Hydraulic works,Hydraulic works - chapter 61,c8b82ef8973e
253,Ήλοι σιδηροί αμφικέφαλοι (περτσίνια),Material,General,kg,2.76,2.76,2.76,2.76,1,EUR,1.61,0.5833,3,3,Building works,Αναλυτικα Τιμολογια Εργων (ΓΓΔΕ),Building works,Building works - chapter 62,144afcca4125
271,"Λαμαρίνα μαύρη, πάχους έως 2 mm",Material,General,kg,69.41,0.96,206.3,0.96,2,EUR,69.23,0.8133,3,3,Building works,Αναλυτικα Τιμολογια Εργων (ΓΓΔΕ),Building works,Building works - chapter 62,729c27483688
254,Ήλοι πισσόχαρτου πλατυκέφαλοι γαλβανισμένοι,Material,General,kg,3.53,3.53,3.53,3.53,1,EUR,0.14,0.04,3,3,Building works,Αναλυτικα Τιμολογια Εργων (ΓΓΔΕ),Building works,Building works - chapter 72,60f15970db71
467,Βελατούρα,Material,General,kg,3.4,3.4,3.4,3.4,1,EUR,0.35,0.1033,3,3,Building works,Αναλυτικα Τιμολογια Εργων (ΓΓΔΕ),Building works,Building works - chapter 77,f66564cb96c8
328,"Νεροχύτης μαρμάρινος πλάτους 50 cm, πάχους 20 έως 25 cm και μήκους 1,1m",Material,General,τεμ,1.84,1.84,1.84,1.84,1,EUR,4.05,1.0767,3,2,Building works,Αναλυτικα Τιμολογια Εργων (ΓΓΔΕ),Building works,Building works - chapter 75,7a0ac346b2b2
327,Ασφαλτικό μονωτικό υλικό για επαλείψεις,Material,General,kg,1.87,0.54,4.53,0.54,2,EUR,1.69,0.6667,3,3,Road works,Αναλυτικα Τιμολογια Εργων (ΓΓΔΕ),Road works,Road works - chapter 24,9e5faba8e438
6751,"οπών κλπ, καθαρισμός επιφανείας με μεταλλοβολή ή αμμοβολή ποιότητας SA 2 ½, σύμφωνα με το πρότυπο ΕΛΟΤ ΕΝ ISO 8504-1 και αντισκωριακή προστασία με δύο στρώσεις βαφής βάσεως ψευδαργύρου, πάχους ξηρού υμένα εκάστης 25 ± 5 μm",Abstract Material,General,,5.15,5.15,5.15,5.15,1,EUR,2.95,0.5733,3,2,Hydraulic works,Αναλυτικα Τιμολογια Εργων (ΓΓΔΕ),Hydraulic works,Hydraulic works - chapter 70,b08b7b12eb2a
379,"Πλαίσιο και σύστημα περιελίξεως ξύλινου ρολού ήτοι: Πλαίσιο από σιδηρά Π, πλήρες με αρθρώσεις και διαβήτες με χειρολαβές για αναπέταση, τροχαλία από λαμαρίνα και σιδηρικά άξονα.",Material,General,τεμ,19.75,15.9,27.45,15.9,2,EUR,25.05,1.3333,3,3,Building works,Αναλυτικα Τιμολογια Εργων (ΓΓΔΕ),Building works,Building works - chapter 14,c394acd76797
477,Πλαστικό χρώμα με βάση το καουτσούκ,Material,General,kg,0.0,0.0,0.0,0.0,0,EUR,0.0,0.1433,3,3,Building works,Αναλυτικα Τιμολογια Εργων (ΓΓΔΕ),Building works,Building works - chapter 77,86966acb3078
476,Πλαστικό χρώμα υποστρώματος (ακρυλικό αστάρι),Material,General,kg,2.44,2.44,2.44,2.44,1,EUR,0.27,0.11,3,3,Building works,Αναλυτικα Τιμολογια Εργων (ΓΓΔΕ),Building works,Building works - chapter 77,2753e0f0bc8c
336,"Μάρμαρο σχιστό πάχους 4 cm ορθογωνισμένο, μήκους άνω των 1,50 m και m2 προελεύσεως Πεντέλης (λευκό)",Material,General,,0.0,0.0,0.0,0.0,0,EUR,0.0,0.6,3,3,Building works,Αναλυτικα Τιμολογια Εργων (ΓΓΔΕ),Building works,Building works - chapter 75,549162aa9eaf
301,Πρόχυτα κράσπεδα από σκυρόδεμα M,Material,General,,3.67,3.67,3.67,3.67,1,EUR,3.67,1.0,3,3,Road works,Αναλυτικα Τιμολογια Εργων (ΓΓΔΕ),Road works,Road works - chapter 29,b4ee0a38d7ad
506,"Πισσόχαρτο βάρους 1,75 kg/m2",Material,General,m2,1.43,1.43,1.43,1.43,1,EUR,1.65,1.15,3,3,Building works,Αναλυτικα Τιμολογια Εργων (ΓΓΔΕ),Building works,Building works - chapter 72,4a0038ea4b67
302,"Πλάκες πεζοδρομίων από σκυρόδεμα 7,12 ΑΣΦΑΛΤΙΚΑ ΥΛΙΚΑ",Material,General,,6.04,6.04,6.04,6.04,1,EUR,6.16,1.02,3,3,Road works,Αναλυτικα Τιμολογια Εργων (ΓΓΔΕ),Road works,Road works - chapter 29,d409fc19255d
4412,ΟΔΟ 4412,Abstract Material,General,,1.77,1.77,1.77,1.77,1,EUR,0.13,0.071,3,1,Road works,Αναλυτικα Τιμολογια Εργων (ΓΓΔΕ),Road works,Road works - chapter 43,2651660bbf2a
224,"Ασβέστης άνυδρος σε βώλους Kg 0,070 ΣΙΔΗΡΟΣ, ΜΕΤΑΛΛΑ",Material,General,,0.07,0.07,0.07,0.07,1,EUR,8.4,120.0,3,3,Road works,Αναλυτικα Τιμολογια Εργων (ΓΓΔΕ),Road works,Road works - chapter 65,4210f0f4f868
2522,"Κατασκευή ρείθρων, επενδεδυμένων τάφρων, διαμορφώσεις πυθμένα κλπ με σκυρόδεμα C20/25",Abstract Material,General,,148.03,118.52,173.2,152.36,3,EUR,0.74,0.005,3,3,Road works,Αναλυτικα Τιμολογια Εργων (ΓΓΔΕ),Road works,Road works - chapter 29,9f26a9647bc0
238,"Περιθώρια (σουβατεπιά) από ξυλεία δρυός πλάτους 5 έως 8 cm, πάχους τουλάχιστον 12 mm και μήκους τουλάχιστον 2 m, προελεύσεως Σλοβενίας",Material,General,m,1.24,0.56,2.6,0.56,2,EUR,1.31,1.0533,3,3,Building works,Αναλυτικα Τιμολογια Εργων (ΓΓΔΕ),Building works,Building works - chapter 53,785b3f5114a2
6327,"Παραγωγή, μεταφορά, διάστρωση, συμπύκνωση και συντήρηση σκυροδέματος Παραγωγή ή προμήθεια και μεταφορά επί τόπου του έργου σκυροδέματος οποιασδήποτε κατηγορίας ή ποιότητος, σύμφωνα με τις διατάξεις του Κανονισμού Τεχνολογίας Σκυροδέματος (ΚΤΣ), του Ε.Κ.Ω.Σ. και τις - Για κατασκευές από σκυρόδεμα κατηγορίας C16/20",Abstract Material,General,,154.72,154.72,154.72,154.72,1,EUR,68.33,0.4417,3,3,Hydraulic works,Αναλυτικα Τιμολογια Εργων (ΓΓΔΕ),Hydraulic works,Hydraulic works - chapter 67,4c08c08086e7
277,Λαμαρίνα ψυχράς εξελάσ. (D.K.P.) πάχους 1 έως 2 mm,Material,General,kg,1.0,1.0,1.0,1.0,1,EUR,1.15,1.15,3,3,Building works,Αναλυτικα Τιμολογια Εργων (ΓΓΔΕ),Building works,Building works - chapter 62,d05df8afe2b9
6086.1,ΥΔΡ 6086.1,Abstract Material,General,,38.25,38.25,38.25,38.25,1,EUR,38.25,1.0,3,3,Hydraulic works,Αναλυτικα Τιμολογια Εργων (ΓΓΔΕ),Hydraulic works,Hydraulic works - chapter 60,8bf448bf6fff
264,"Σίδηρος κουφωμάτων σε ράβδους ποικίλων διατομών (προφίλ απλής, διπλής ή πολλαπλής επαφής)",Material,General,kg,22.1,1.1,64.1,1.1,2,EUR,22.35,1.2333,3,3,Building works,Αναλυτικα Τιμολογια Εργων (ΓΓΔΕ),Building works,Building works - chapter 62,da2b3614beb1
7017.3,ΕΦΑΡΜΟΓΗ ΕΚΤΟΞΕΥΟΜΕΝΟΥ ΣΚΥΡΟΔΕΜΑΤΟΣ ΕΚΤΟΣ ΥΠΟΓΕΙΩΝ ΕΡΓΩΝ,Abstract Material,General,,93.25,93.25,93.25,93.25,1,EUR,46.63,0.5,3,3,Hydraulic works,Αναλυτικα Τιμολογια Εργων (ΓΓΔΕ),Hydraulic works,Hydraulic works - chapter 70,d51d73a6f6a2
057,"Χάλικες διαστ. 0,7 έως 3 ή 0,7 έως 2,5 cm",Material,General,,8.59,8.59,8.59,8.59,1,EUR,7.04,0.82,3,3,Building works,Αναλυτικα Τιμολογια Εργων (ΓΓΔΕ),Building works,Building works - chapter 31,17fbd404a289
515,Διογκωμένος περλίτης,Material,General,m3,45.97,45.97,45.97,45.97,1,EUR,49.03,1.0667,3,3,Building works,Αναλυτικα Τιμολογια Εργων (ΓΓΔΕ),Building works,Building works - chapter 14,49e4308cbfb5
354,Μεντεσές No 8,Material,General,τεμ,2.0,0.99,4.02,0.99,2,EUR,2.59,2.4067,3,3,Building works,Αναλυτικα Τιμολογια Εργων (ΓΓΔΕ),Building works,Building works - chapter 14,9512ee270954
7016.4,ΥΔΡ 7016.4,Abstract Material,General,,127.66,127.66,127.66,127.66,1,EUR,61.7,0.4833,3,3,Hydraulic works,Αναλυτικα Τιμολογια Εργων (ΓΓΔΕ),Hydraulic works,Hydraulic works - chapter 70,447e228e22a7
364,Ανεμοστήριγμα γαλλικών παραθύρων (μονό),Material,General,τεμ,2.06,1.13,3.9,1.13,2,EUR,2.81,1.6667,3,3,Building works,Αναλυτικα Τιμολογια Εργων (ΓΓΔΕ),Building works,Building works - chapter 14,534bc54c54a9
492,Υδρόπισσα (μπλακ),Material,General,kg,0.54,0.54,0.54,0.54,1,EUR,0.33,0.6133,3,3,Building works,Αναλυτικα Τιμολογια Εργων (ΓΓΔΕ),Building works,Building works - chapter 51,6252b6d883d0
283,Σύρμα γαλβανισμένο,Material,General,kg,12.97,1.31,36.3,1.31,2,EUR,12.18,0.3917,3,3,Building works,Αναλυτικα Τιμολογια Εργων (ΓΓΔΕ),Building works,Building works - chapter 52,eb2a28f94402
481,Πυρίτιδα με ανάλογη θρυαλλίδα και καψύλια,Material,General,kg,5.17,5.17,5.17,5.17,1,EUR,2.07,0.4,3,3,Building works,Αναλυτικα Τιμολογια Εργων (ΓΓΔΕ),Building works,Building works - chapter 21,04d2c1d4be7e
6085.1,ΥΔΡ 6085.1,Abstract Material,General,,8.84,8.84,8.84,8.84,1,EUR,8.84,1.0,3,3,Hydraulic works,Αναλυτικα Τιμολογια Εργων (ΓΓΔΕ),Hydraulic works,Hydraulic works - chapter 60,2b84795910a3
297.2,Μόλυβδος σε φύλλα,Material,General,kg,0.0,0.0,0.0,0.0,0,EUR,0.0,0.5106,3,3,Building works,Αναλυτικα Τιμολογια Εργων (ΓΓΔΕ),Building works,Building works - chapter 72,6c0adadda893
281,Γωνιόκρανον από ανοξείδωτο πλέγμα,Material,General,m,13.96,6.62,21.3,13.96,2,EUR,14.12,1.025,2,2,Building works,Αναλυτικα Τιμολογια Εργων (ΓΓΔΕ),Building works,Building works - chapter 61,e75e02073d9e
4622.1,ΟΙΚ 4622.1,Abstract Material,General,,22.99,22.99,22.99,22.99,1,EUR,39.07,1.7,2,2,Building works,Αναλυτικα Τιμολογια Εργων (ΓΓΔΕ),Building works,Building works - chapter 46,b0717dc88a74
4622.2,ΟΙΚ 4622.2,Abstract Material,General,,23.35,23.35,23.35,23.35,1,EUR,39.7,1.7,2,2,Building works,Αναλυτικα Τιμολογια Εργων (ΓΓΔΕ),Building works,Building works - chapter 46,3bff8047dbe1
7016.5,ΥΔΡ 7016.5,Abstract Material,General,,25.53,25.53,25.53,25.53,1,EUR,15.96,0.625,2,2,Hydraulic works,Αναλυτικα Τιμολογια Εργων (ΓΓΔΕ),Hydraulic works,Hydraulic works - chapter 70,a7cebf7d27d9
114,Τσιμεντόπλινθος διάκενος διαστ. 39 χ 15 χ 19 cm,Material,General,τεμ,0.0,0.0,0.0,0.0,0,EUR,0.0,13.0,2,2,Building works,Αναλυτικα Τιμολογια Εργων (ΓΓΔΕ),Building works,Building works - chapter 47,4d2038b4a77d
1401,ΟΙΚ 1401,Abstract Material,General,,242.3,242.3,242.3,242.3,1,EUR,52.09,0.215,2,2,Building works,Αναλυτικα Τιμολογια Εργων (ΓΓΔΕ),Building works,Building works - chapter 48,61a8d2e770fd
686.1,"Ψύκτης ύδατος αυτοτελής, ωριαίας ικανότητας 200 ποτηρίων ύδατος τεμ 410,00 687.1.1 Αεροσυμπιεστής ηλεκτροκίνητος συναρμολογημένος επί μεταλλικής βάσεως, παροχής 5 m3/h, χωρίς αεροφυλάκιο πιέσεως, λειτουργίας 10 atm τεμ 2300,00 m2 703.2.2 Θερμαντικά σώματα χαλύβδινα, εγχώρια, τρίστηλα, αξονικού ύψους 655 mm 23,66 714.2.6 Λέβης χυτοσιδηρούς μετά καυστήρος (αυτόνομος) νερού, θερμαντικής ισχύος 100000 kcal/h τεμ 5140,00 715.2.9 Λέβης χαλύβδινος μετά καυστήρος (αυτόνομος) νερού, θερμαντικής ισχύος 200000 kcal/h τεμ 5098,00 718.3.3 Δεξαμενή ακάθαρτου πετρελαίου παραλληλεπίπεδος, κατά (DIN 6620) χωρητικότητος 2000 It τεμ 1040,00 m3 719.1.3 Δεξαμενή ύδατος από πλαστική ύλη, κυλινδρική οριζόντια, χωρητικότ. 5",Material,General,τεμ,410.0,410.0,410.0,410.0,1,EUR,209.1,0.51,2,1,Electromechanical works,Αναλυτικα Τιμολογια Εργων (ΓΓΔΕ),Electromechanical works,Electromechanical works - chapter 25,40b514d90127
621.1,"Δοχείον πλύσεως αποχωρητηρίου (καζανάκι υψηλής πιέσεως, τύπου Νιαγάρα) χυτοσιδηρούν, περιεκτικότητας 12 It τεμ 60,00 630.1.2 Λουτήρ χυτοσιδηρούς, εσμαλτωμένος, χωνευτού ή ελεύθερου τύπου, μήκους1,70 m τεμ 280,00 634.1.1 Νεροχύτης χαλύβδινος, ανοξείδωτος, πλάτους περίπου 50 cm, μιας σκάφης, διαστάσεων περίπου 35x40x13 cm, μήκους περίπου 1,20 m",Material,General,τεμ,65.0,65.0,65.0,65.0,1,EUR,35.75,0.55,2,1,Electromechanical works,Αναλυτικα Τιμολογια Εργων (ΓΓΔΕ),Electromechanical works,Electromechanical works - chapter 15,ff20c3a4ced8
124,Προκατασκευασμένα στοιχεία καπνοδόχου από κισηρόδεμα εσωτ. διαστ.,Material,General,,5.9,5.9,5.9,5.9,1,EUR,6.2,1.05,2,2,Building works,Αναλυτικα Τιμολογια Εργων (ΓΓΔΕ),Building works,Building works - chapter 48,b6b0b49b423e
4611.1,ΟΙΚ 4611.1,Abstract Material,General,,0.0,0.0,0.0,0.0,0,EUR,0.0,1.7,2,2,Building works,Αναλυτικα Τιμολογια Εργων (ΓΓΔΕ),Building works,Building works - chapter 46,8e22d9ef6058
4601.2,ΟΙΚ 4601.2,Abstract Material,General,,0.0,0.0,0.0,0.0,0,EUR,0.0,1.7,2,2,Building works,Αναλυτικα Τιμολογια Εργων (ΓΓΔΕ),Building works,Building works - chapter 46,52bb7783596a
4611.2,ΟΙΚ 4611.2,Abstract Material,General,,0.0,0.0,0.0,0.0,0,EUR,0.0,1.7,2,2,Building works,Αναλυτικα Τιμολογια Εργων (ΓΓΔΕ),Building works,Building works - chapter 46,3efda90ec8d0
7017.4,ΕΦΑΡΜΟΓΗ ΕΚΤΟΞΕΥΟΜΕΝΟΥ ΣΚΥΡΟΔΕΜΑΤΟΣ ΕΚΤΟΣ ΥΠΟΓΕΙΩΝ ΕΡΓΩΝ,Abstract Material,General,,18.65,18.65,18.65,18.65,1,EUR,12.12,0.65,2,2,Hydraulic works,Αναλυτικα Τιμολογια Εργων (ΓΓΔΕ),Hydraulic works,Hydraulic works - chapter 70,0692d08474ca
117,Κισσηρόπλινθος διάκενος διαστ. 39 χ 19 χ 19 cm,Material,General,τεμ,0.0,0.0,0.0,0.0,0,EUR,0.0,13.0,2,2,Building works,Αναλυτικα Τιμολογια Εργων (ΓΓΔΕ),Building works,Building works - chapter 47,e2ae5d6c4262
118,Κισσηρόπλινθος διάκενος διαστ. 39 χ 15 χ 19 cm,Material,General,τεμ,0.0,0.0,0.0,0.0,0,EUR,0.0,13.0,2,2,Building works,Αναλυτικα Τιμολογια Εργων (ΓΓΔΕ),Building works,Building works - chapter 47,90b05aea6592
113,Τσιμεντόπλινθος διάκενος διαστ. 39 χ 19 χ 19 cm,Material,General,τεμ,0.57,0.57,0.57,0.57,1,EUR,7.41,13.0,2,2,Building works,Αναλυτικα Τιμολογια Εργων (ΓΓΔΕ),Building works,Building works - chapter 47,82d0f03653b6
379.1,"600 — 379.4 350 1907,55 379.7 500",Material,General,,0.0,0.0,0.0,0.0,0,EUR,0.0,0.525,2,1,Hydraulic works,Αναλυτικα Τιμολογια Εργων (ΓΓΔΕ),Hydraulic works,Hydraulic works - chapter 66,3ce0c47cd5c2
380.1,"400 396,00 380.4 600 1056,00 .2 450 502,00 .5 700 1420,00 .3 500 583,00 .6 800",Material,General,,396.0,396.0,396.0,396.0,1,EUR,217.8,0.55,2,1,Hydraulic works,Αναλυτικα Τιμολογια Εργων (ΓΓΔΕ),Hydraulic works,Hydraulic works - chapter 66,75546939d9fc
226,"Λωρίδες ραμποτέ από ξυλεία πλάτους μέχρι 8 cm, καθαρού πάχους τουλάχιστον 2 m2 mm και μήκους τουλάχιστον 40 cm, προελεύσεως Ρουμανίας",Material,General,,13.0,13.0,13.0,13.0,1,EUR,13.65,1.05,2,2,Building works,Αναλυτικα Τιμολογια Εργων (ΓΓΔΕ),Building works,Building works - chapter 53,174b81bfa9c6
219,Καπλαμάς εις φύλλα από ξυλεία δρυός προελεύσεως εγχώριας,Material,General,m2,3.5,3.5,3.5,3.5,1,EUR,2.21,0.63,2,1,Building works,Αναλυτικα Τιμολογια Εργων (ΓΓΔΕ),Building works,Building works - chapter 52,294225308fa1
245,"Πλάκες από μόρια ξύλου (μοριοσανίδες) επενδεδυμένες με καπλαμά από ξυλεία m2 δρυός, πάχους 16 mm",Material,General,,18.0,18.0,18.0,18.0,1,EUR,10.89,0.605,2,1,Building works,Αναλυτικα Τιμολογια Εργων (ΓΓΔΕ),Building works,Building works - chapter 52,f9ff1b11ffbf
324,Ασφαλτικό γαλάκτωμα αντιυδρόφιλου τύπου,Material,General,kg,92.89,0.58,185.2,92.89,2,EUR,94.82,4.325,2,2,Hydraulic works,Αναλυτικα Τιμολογια Εργων (ΓΓΔΕ),Hydraulic works,Hydraulic works - chapter 70,9036dd6a69cc
227,"Λωρίδες ραμποτέ από ξυλεία πλάτους άνω των 8 cm και μέχρι 12 cm, καθαρού m2 πάχους 22 mm και μήκους τουλάχιστον 40 cm, προελεύσεως Ρουμανίας",Material,General,,13.0,13.0,13.0,13.0,1,EUR,13.65,1.05,2,2,Building works,Αναλυτικα Τιμολογια Εργων (ΓΓΔΕ),Building works,Building works - chapter 53,888729621e32
1506,ΟΙΚ 1506,Abstract Material,General,,714.42,714.42,714.42,714.42,1,EUR,2.86,0.004,2,2,Building works,Αναλυτικα Τιμολογια Εργων (ΓΓΔΕ),Building works,Building works - chapter 21,474337b21838
381,Μηχανισμός συρτής θύρας (με τα ειδικά εξαρτήματα του),Material,General,m,74.77,74.77,74.77,74.77,1,EUR,112.16,1.5,2,2,Building works,Αναλυτικα Τιμολογια Εργων (ΓΓΔΕ),Building works,Building works - chapter 14,6c0a581c6f41
1503,ΟΙΚ 1503,Abstract Material,General,,540.11,540.11,540.11,540.11,1,EUR,0.54,0.001,2,2,Building works,Αναλυτικα Τιμολογια Εργων (ΓΓΔΕ),Building works,Building works - chapter 21,f56f37ce32b5
378.1,"50 69,00 378.4 125 188,00 378.7 200 338,00 .2 80 106,00 .5 150 231,00 .8 250 512,00 136,00 724,00 .3 100 .6 175 .9 300 ΥΔΡ 379. ΔΙΚΛΕΙΔΕΣ ΤΥΠΟΥ ΠΕΤΑΛΟΥΔΑΣ ΜΕ ΩΤΙΔΕΣ (D = Διάμετρος σε mm, Τ = Τιμή σε €/τεμ) α) Ονομαστικής πιέσεως 2,5 bar β) Ονομαστικής πιέσεως",Material,General,,69.0,69.0,69.0,69.0,1,EUR,36.23,0.525,2,1,Hydraulic works,Αναλυτικα Τιμολογια Εργων (ΓΓΔΕ),Hydraulic works,Hydraulic works - chapter 66,f2e09f9b4404
249,"Πλακάζ πάχους 16 mm 19,00 ΣΙΔΗΡΟΣ - ΜΕΤΑΛΛΑ",Material,General,,20.0,20.0,20.0,20.0,1,EUR,12.1,0.605,2,1,Building works,Αναλυτικα Τιμολογια Εργων (ΓΓΔΕ),Building works,Building works - chapter 52,bc505c2361b1
246,Πλάκες από μόρια ξύλου (μοριοσανίδες) επενδεδυμένες με μαόνι πάχους 16 mm,Material,General,,13.0,13.0,13.0,13.0,1,EUR,7.87,0.605,2,1,Building works,Αναλυτικα Τιμολογια Εργων (ΓΓΔΕ),Building works,Building works - chapter 52,d2e70528de94
473,Αναδευτήρας συντηρήσεως ενέματος τύπου ATLAS CEMAG 350 ή παρεμφερής,Equipment,General,ΗΜ,17.05,17.05,17.05,17.05,1,EUR,10.66,0.625,2,1,Hydraulic works,Αναλυτικα Τιμολογια Εργων (ΓΓΔΕ),Hydraulic works,Hydraulic works - chapter 57,cade4385e26a
474,Αντλία σιμεντενέσεων εμβολοφόρος αεροκίνητη ATLAS ZHS ή παρεμφερής,Equipment,General,ΗΜ,35.04,35.04,35.04,35.04,1,EUR,21.9,0.625,2,1,Hydraulic works,Αναλυτικα Τιμολογια Εργων (ΓΓΔΕ),Hydraulic works,Hydraulic works - chapter 57,ecdfbd88d7ab
284,Σύρμα ακανθωτό μη γαλβανισμένο,Material,General,m,75.4,75.4,75.4,75.4,1,EUR,75.4,1.05,2,2,Building works,Αναλυτικα Τιμολογια Εργων (ΓΓΔΕ),Building works,Building works - chapter 64,19b27b35b0da
392,"Κλείθρον ασφαλείας σιδηρού ρολού, ακραίον, προελεύσεως Ιταλίας",Material,General,τεμ,27.42,27.42,27.42,27.42,1,EUR,9.6,0.35,2,2,Building works,Αναλυτικα Τιμολογια Εργων (ΓΓΔΕ),Building works,Building works - chapter 62,037a0fecb801
272,"Λαμαρίνα μαύρη, πάχους άνω των 2 mm",Material,General,kg,0.89,0.89,0.89,0.89,1,EUR,2.88,3.25,2,2,Building works,Αναλυτικα Τιμολογια Εργων (ΓΓΔΕ),Building works,Building works - chapter 62,6d5a91e7ffb8
388,"Ελατήριο σιδηρού ρολού, πλάτους 5 cm και βάρους 3 kg",Material,General,τεμ,48.87,48.87,48.87,48.87,1,EUR,17.1,0.35,2,2,Building works,Αναλυτικα Τιμολογια Εργων (ΓΓΔΕ),Building works,Building works - chapter 62,9460f482f5f9
027,Τσιμέντο υψηλής αντοχής με την αξία χαρτοσάκων,Material,General,kg,0.12,0.12,0.12,0.12,1,EUR,46.23,387.5,2,2,Building works,Αναλυτικα Τιμολογια Εργων (ΓΓΔΕ),Building works,Building works - chapter 32,3919a2a53c29
289,Συρματόπλεγμα εξαγωνικής οπής (κοτετσόσυρμα),Material,General,,1.04,1.04,1.04,1.04,1,EUR,1.12,1.075,2,2,Building works,Αναλυτικα Τιμολογια Εργων (ΓΓΔΕ),Building works,Building works - chapter 61,75c0d178f117
2263Γ,ΟΙΚ 2263Γ,Abstract Material,General,,31.78,31.78,31.78,31.78,1,EUR,21.45,0.675,2,1,Building works,Αναλυτικα Τιμολογια Εργων (ΓΓΔΕ),Building works,Building works - chapter 22,5f7921dd3344
2127,"σε εδάφη βραχώδη, εκτός από γρανιτικά-κροκαλοπαγή, χωρίς χρήση εκρηκτικών υλών",Abstract Material,General,,93.48,93.48,93.48,93.48,1,EUR,121.53,1.3,2,2,Building works,Αναλυτικα Τιμολογια Εργων (ΓΓΔΕ),Building works,Building works - chapter 21,c78c35588288
390.1,"Χ1 - 30 — 390.21 Χ2 - 120 — 390.41 L1 - 800 — .2 Χ1 - 60 — .22 Χ2 - 150 — .42 L1 - 850 — .3 Χ1 - 90 — .23 ΧΧ2 - 30 — .43 L1 - 900 — .4 Χ1 -120 — .24 ΧΧ2 - 60 — .44 L1 - 950 — .5 Χ1 -150 — .25 ΧΧ2 - 90 — .45 L1 - 1000 — .6 ΧΧ1- 30 — .26 ΧΧ2 -120 — .46 L1 - 1050 — .7 ΧΧ1- 60 — .27 ΧΧ2 -150 — .47 L1-1100 — .8 ΧΧ1- 90 — .28 ΧΧ2 -180 — .48 L1-1150 — .9 ΧΧ1 - 120 — .29 ΧΧ2 -210 — .49 L1 - 1200 — .10 ΧΧ1 - 150 — .30 ΧΧ2 -240 — .50 L1 - 1250 — .11 ΧΧ1 - 180 — .31 ΧΧ2 -300 6840,00 .51 L1 - 1300 — .12 ΧΧ1 - 210 — .32 ΧΧ2 -360 — .52 L1 - 1350 — .13 ΧΧ1 - 240 — .33 ΧΧ2 -420 — .53 L1 - 1400 — .14 ΧΧ1 – 300 4704,00 .34 ΧΧ2 -480 — .54 L1 - 1450 — .15 ΧΧ1 - 360 — .35 L1 - 500 — .55 L1 - 400 (α) — .16 ΧΧ1 - 420 — .36 L1 - 550 — .56 L1 - 800 (β) — .17 ΧΧ1 - 480 — .37 L1 - 600 — .57 L1 – 1200 (γ) — .18 Χ2 - 30 — .38 L1 - 650 — .58 L2 - 500 — .19 Χ2 - 60 — .39 L1 - 700 — .59 L2 - 550 — .20 Χ2 - 90 — .40 L1 - 750",Material,General,,0.0,0.0,0.0,0.0,0,EUR,0.0,0.575,2,1,Hydraulic works,Αναλυτικα Τιμολογια Εργων (ΓΓΔΕ),Hydraulic works,Hydraulic works - chapter 64,13360638fb51
2263Δ,ΟΙΚ 2263Δ,Abstract Material,General,,41.71,41.71,41.71,41.71,1,EUR,28.16,0.675,2,1,Building works,Αναλυτικα Τιμολογια Εργων (ΓΓΔΕ),Building works,Building works - chapter 22,e447b2350485
233.1,"Σίδηρος οπλισμού αντοχής (Χ.Ο.Σ.) kg 0,694 .2 Χαλύβδινο δομικό πλέγμα οπλισμού σκυροδέματος (ST. IV) kg 0,6398 .3 Σκληρός χάλυβας προεντάσεως σκυροδέματος",Material,General,kg,0.56,0.56,0.56,0.56,1,EUR,0.59,1.05,2,2,Hydraulic works,Αναλυτικα Τιμολογια Εργων (ΓΓΔΕ),Hydraulic works,Hydraulic works - chapter 63,1eddd4be590e
469,Ειδικός συρμός μεταφοράς προϊόντων εκσκαφής τύπου SALZGITTER ΒΖ 40 ή παρεμφερούς,Equipment,General,ΗΜ,87.28,87.28,87.28,87.28,1,EUR,87.28,1.0,2,2,Hydraulic works,Αναλυτικα Τιμολογια Εργων (ΓΓΔΕ),Hydraulic works,Hydraulic works - chapter 57,fa4c0080dfea
470,"Ηλεκτροκίνητη μηχανή έλξεως επί τροχιών, τύπου SIG ΕΤΒ 70 με τρία συγκροτήματα συσσωρευτών και τα βοηθητικά εξαρτήματα ή",Equipment,General,ΗΜ,70.39,70.39,70.39,70.39,1,EUR,70.39,1.0,2,2,Hydraulic works,Αναλυτικα Τιμολογια Εργων (ΓΓΔΕ),Hydraulic works,Hydraulic works - chapter 57,f0e8917b3b33
386,"Κουτί σιδηρό ελατηρίων σιδηρού ρολού για άξονα 1 ins, μαζί με τα ρουλεμάν",Material,General,τεμ,28.63,28.63,28.63,28.63,1,EUR,10.02,0.35,2,2,Building works,Αναλυτικα Τιμολογια Εργων (ΓΓΔΕ),Building works,Building works - chapter 62,d5132264c38b
389.1,"SI- 60 — 389.4 SI - 250 5568,00 389.7 SI - 700 — .2 SI - 125 — .5 SI - 350 — .8 SI - 1000 — .3 SI - 180 — .6 SI - 500 — .9 SI - 1400",Material,General,,0.0,0.0,0.0,0.0,0,EUR,0.0,0.6,2,1,Hydraulic works,Αναλυτικα Τιμολογια Εργων (ΓΓΔΕ),Hydraulic works,Hydraulic works - chapter 64,c37c5e5dbf93
290,"Διάτρητα γωνιακά ελάσματα, κανονικού τύπου (41 χ 62 χ 2 mm)",Material,General,m,3.67,3.67,3.67,3.67,1,EUR,11.01,3.0,2,2,Building works,Αναλυτικα Τιμολογια Εργων (ΓΓΔΕ),Building works,Building works - chapter 61,19107dc0d638
387.1,"500/ 500 — 387.5 1250/1250 — .2 630/ 630 — .6 1400/1400 — .3 800/ 800 17980,00 .7 1600/1600 — .4 1000/1000",Material,General,,0.0,0.0,0.0,0.0,0,EUR,0.0,0.55,2,1,Hydraulic works,Αναλυτικα Τιμολογια Εργων (ΓΓΔΕ),Hydraulic works,Hydraulic works - chapter 64,acf76830692f
385.1,"Κορμός με το κάλυμμα, τη δικλείδα τύπου ""HP"" και τροχό χειρισμού τεμ — .2 Σύστημα προστασίας από παγετό τεμ — .3 Υδρόμετρο τεμ — .4 Ρυθμιστής πιέσεως από 12,5 bar στις τυποποιημένες πιέσεις από 2,5 μέχρι 5 bar τεμ — .5 Περιοριστικής παροχής σε 5 ή 12 ή 15 It/s τεμ — ΥΔΡ 386. ΡΟΥΦΡΑΚΤΕΣ ΣΤΑΘΕΡΗΣ ΣΤΑΘΜΗΣ ΤΥΠΟΥ NEYRPIC ή παρεμφερείς (MET) (Τ = Τιμή σε €/τεμ) α)Ρουφράκτες σταθερής β) Ρουφράκτες σταθερής γ) Ρουφράκτες σταθερής δ) Ρουφράκτες μικτοί ανάντι στάθμης (AMIL) κατάντι στάθμης (AVIO) κατάντι στάθμης (AVIS) (VANNES MIXTES) Υψηλής στάθμης Υψηλής στάθμης Με διάφραγμα Τύπου. Τ Τύπου. Τ Τύπου. Τ Τύπου. Τ ΑΡ. ΑΡ. ΑΡ. ΑΡ. .1 D.80 — .22 28/ 6 — .48 56/106 — .68 160/140 — .2 D.90 — .23 36/ 10 — .49 71/132 — .69 160/180 — .3 D.100 — .24 45/ 16 — .50 90/170 — .70 200/180 — .4 D.110 — .25 56/ 25 — .51 110/212 — .71 200/224 — .5 D.125 — .26 71/ 40 — .52 140/265 — .72 250/224 — .6 D.140 — .27 90/ 63 — .53 160/300 111968,00 .73 250/280 — .7 D.160 — .28 110/100 — .54 180/335 — .74 315/280 — .8 D.180 — .29 140/160 — .55 200/375 — .75 315/355 — .9 D.200 21433,00 .30 160/200 94454,00 .56 220/425 — Χωρίς διάφραγμα .10 D.220 — .31 180/250 — .57 250/475 — .76 160/140 — .11 D.250 — .32 200/315 — .58 280/630 — .77 160/180 — .12 D.280 — .33 220/400 — Χαμηλής στάθμης .78 200/180 — .13 D.315 — .34 250/500 — .59 90/190 — .79 200/224 — .14 D.355 — .35 280/630 — .60 110/236 — .80 250/224 — .15 D.400 — Χαμηλής στάθμης .61 140/300 — .81 250/280 — .16 D.450 — .36 45/32 — .62 160/335 — .82 315/280 — .17 D.500 — .37 56/50 — .63 180/375 — .83 315/355 — .18 D.560 — .38 71/ 80 — .64 200/425 128349,00 .19 D.630 — .39 90/125 — .65 250/475 — .20 D.710 — .40 110/ 200 64170,00 .66 250/530 — .21 D.800 — .41 140/ 315 — .67 280/600 — .42 160/ 400 — .43 180/ 500 — .44 200/ 630 — .45 220/ 800 — .46 250/1000 — .47 280/1250",Material,General,,0.0,0.0,0.0,0.0,0,EUR,0.0,1.0,2,2,Hydraulic works,Αναλυτικα Τιμολογια Εργων (ΓΓΔΕ),Hydraulic works,Hydraulic works - chapter 66,ab0e0f31628c
260,"Σίδηρος οπλισμών, κυκλ. διατομής (Χ.Ο.Σ.)",Material,General,kg,0.56,0.56,0.56,0.56,1,EUR,2.94,5.265,2,2,Building works,Αναλυτικα Τιμολογια Εργων (ΓΓΔΕ),Building works,Building works - chapter 38,d6572c5bf972
262,Χάλυβας οπλισμών στρεπτός μετά νευρώσεων (Χ.Ο.Σ.),Material,General,kg,13.43,0.56,26.3,13.43,2,EUR,13.44,1.015,2,2,Building works,Αναλυτικα Τιμολογια Εργων (ΓΓΔΕ),Building works,Building works - chapter 38,2a6107fc2bca
4601.1,ΟΙΚ 4601.1,Abstract Material,General,,0.0,0.0,0.0,0.0,0,EUR,0.0,1.7,2,2,Building works,Αναλυτικα Τιμολογια Εργων (ΓΓΔΕ),Building works,Building works - chapter 46,e8df34baa888
1472,ΟΙΚ 1472,Abstract Material,General,,7.01,7.01,7.01,7.01,1,EUR,7.01,1.0,2,2,Building works,Αναλυτικα Τιμολογια Εργων (ΓΓΔΕ),Building works,Building works - chapter 54,adfee91ed76c
1474,ΟΙΚ 1474,Abstract Material,General,,14.51,14.51,14.51,14.51,1,EUR,14.51,1.0,2,2,Building works,Αναλυτικα Τιμολογια Εργων (ΓΓΔΕ),Building works,Building works - chapter 54,e922d71de3f1
1475,ΟΙΚ 1475,Abstract Material,General,,40.4,40.4,40.4,40.4,1,EUR,36.36,0.9,2,2,Building works,Αναλυτικα Τιμολογια Εργων (ΓΓΔΕ),Building works,Building works - chapter 54,35b53c138771
380,Πλαστικά ρολά έτοιμα χλωριούχου σκληρής πολυβινύλης με περσίδες μετά κενού m2 ενισχυμένων με μεταλλική λάμα.,Material,General,,8.42,0.29,16.56,8.42,2,EUR,124.28,400.5,2,2,Building works,Αναλυτικα Τιμολογια Εργων (ΓΓΔΕ),Building works,Building works - chapter 54,7a3a99d5380b
1480,ΟΙΚ 1480,Abstract Material,General,,36.74,36.74,36.74,36.74,1,EUR,36.74,1.0,2,2,Building works,Αναλυτικα Τιμολογια Εργων (ΓΓΔΕ),Building works,Building works - chapter 54,67cb5768ca5e
210,"Ξυλεία λαρικοειδής (λάρτζινο, αγριοπεύκης, εγχώρια)",Material,General,,0.0,0.0,0.0,0.0,0,EUR,0.0,0.57,2,2,Building works,Αναλυτικα Τιμολογια Εργων (ΓΓΔΕ),Building works,Building works - chapter 55,ce2de572a12b
267,Σιδηροδοκοί απλών ειδικών διατομών ύψους ή πλευράς 8 έως 16 cm,Material,General,kg,0.93,0.93,0.93,0.93,1,EUR,0.97,1.04,2,2,Building works,Αναλυτικα Τιμολογια Εργων (ΓΓΔΕ),Building works,Building works - chapter 61,60adec9cce58
268,Σιδηροδοκοί απλών ειδικών διατομών ύψους ή πλευράς άνω των 16 cm,Material,General,kg,1.03,1.03,1.03,1.03,1,EUR,1.07,1.04,2,2,Building works,Αναλυτικα Τιμολογια Εργων (ΓΓΔΕ),Building works,Building works - chapter 61,00b1530611da
2730Γ,ΟΔΟ 2730Γ,Abstract Material,General,,60.78,60.78,60.78,60.78,1,EUR,60.78,1.0,2,2,Road works,Αναλυτικα Τιμολογια Εργων (ΓΓΔΕ),Road works,Road works - chapter 27,f35288f13a8d
495,Μολυβδόκολλα,Material,General,kg,0.0,0.0,0.0,0.0,0,EUR,0.0,0.75,2,2,Building works,Αναλυτικα Τιμολογια Εργων (ΓΓΔΕ),Building works,Building works - chapter 72,c05f868883e6
274,Λαμαρίνα γαλβανισμένη αυλακωτή,Material,General,kg,1.44,1.44,1.44,1.44,1,EUR,1.01,0.7,2,1,Building works,Αναλυτικα Τιμολογια Εργων (ΓΓΔΕ),Building works,Building works - chapter 72,d8954248f8d2
055,Μαρμαρόσκονη λευκή (άχνη λευκού μαρμάρου),Material,General,kg,0.09,0.09,0.09,0.09,1,EUR,27.0,300.0,2,2,Building works,Αναλυτικα Τιμολογια Εργων (ΓΓΔΕ),Building works,Building works - chapter 35,d66ca5e64291
508,"Ασφαλτοπίλημα προελεύσεως εγχώριας βάρους 1,00 kg/m2",Material,General,m2,0.86,0.86,0.86,0.86,1,EUR,0.99,1.15,2,2,Building works,Αναλυτικα Τιμολογια Εργων (ΓΓΔΕ),Building works,Building works - chapter 72,b3b74903f5c3
1458,ΟΙΚ 1458,Abstract Material,General,,0.0,0.0,0.0,0.0,0,EUR,0.0,0.0185,2,2,Building works,Αναλυτικα Τιμολογια Εργων (ΓΓΔΕ),Building works,Building works - chapter 71,4f174ebb1714
1454,ΟΙΚ 1454,Abstract Material,General,,210.97,210.97,210.97,210.97,1,EUR,3.9,0.0185,2,2,Building works,Αναλυτικα Τιμολογια Εργων (ΓΓΔΕ),Building works,Building works - chapter 71,678d6276c0ad
1455,ΟΙΚ 1455,Abstract Material,General,,0.0,0.0,0.0,0.0,0,EUR,0.0,0.0185,2,2,Building works,Αναλυτικα Τιμολογια Εργων (ΓΓΔΕ),Building works,Building works - chapter 71,f3ef2b56efce
1459,ΟΙΚ 1459,Abstract Material,General,,210.97,210.97,210.97,210.97,1,EUR,3.9,0.0185,2,2,Building works,Αναλυτικα Τιμολογια Εργων (ΓΓΔΕ),Building works,Building works - chapter 71,46165c12d099
1448,ΟΙΚ 1448,Abstract Material,General,,0.0,0.0,0.0,0.0,0,EUR,0.0,0.016,2,2,Building works,Αναλυτικα Τιμολογια Εργων (ΓΓΔΕ),Building works,Building works - chapter 71,d2eb91b1276f
1453,ΟΙΚ 1453,Abstract Material,General,,187.75,187.75,187.75,187.75,1,EUR,3.47,0.0185,2,2,Building works,Αναλυτικα Τιμολογια Εργων (ΓΓΔΕ),Building works,Building works - chapter 71,723ab17a0803
164,Πλάκες τσιμέντου 20 χ 20 cm μονόχρωμες (άσπρο-μαύρο) πάχους 2 cm,Material,General,m2,0.0,0.0,0.0,0.0,0,EUR,0.0,1.03,2,2,Building works,Αναλυτικα Τιμολογια Εργων (ΓΓΔΕ),Building works,Building works - chapter 73,f8cf7563ff6a
298.1,"Ορείχαλκος σε φύλλα kg 4,33 .2 Ορείχαλκος σε ράβδους kg 3,63 ΜΑΡΜΑΡΑ",Material,General,,6.81,6.81,6.81,6.81,1,EUR,26.49,3.8905,2,2,Building works,Αναλυτικα Τιμολογια Εργων (ΓΓΔΕ),Building works,Building works - chapter 72,ae2b52e7c102
417,"από 10 51 Γεωτρύπανο περιστροφικό με ικανότητα διατρήσεως βραχώδη εδάφη οπής διαμέτρου 146 mm σε βάθος 100 m, που περιλα",Equipment,General,ΗΜ,134.53,134.53,134.53,134.53,1,EUR,134.53,1.0,2,2,Hydraulic works,Αναλυτικα Τιμολογια Εργων (ΓΓΔΕ),Hydraulic works,Hydraulic works - chapter 51,d8eff5d07427
2264.2Δ,ΟΙΚ 2264.2Δ,Abstract Material,General,,63.57,63.57,63.57,63.57,1,EUR,42.91,0.675,2,1,Building works,Αναλυτικα Τιμολογια Εργων (ΓΓΔΕ),Building works,Building works - chapter 22,7f238a581914
165,Πλάκες τσιμέντου 20 χ 20 cm μωσαϊκές πάχους 2 cm,Material,General,,0.0,0.0,0.0,0.0,0,EUR,0.0,1.03,2,2,Building works,Αναλυτικα Τιμολογια Εργων (ΓΓΔΕ),Building works,Building works - chapter 73,592b3cf3063f
4522,ΟΔΟ 4522,Abstract Material,General,,0.03,0.03,0.03,0.03,1,EUR,4.03,140.0,2,1,Road works,Αναλυτικα Τιμολογια Εργων (ΓΓΔΕ),Road works,Road works - chapter 46,4f2a725e351a
7362.1,ΟΙΚ 7362.1,Abstract Material,General,,48.43,48.43,48.43,48.43,1,EUR,48.43,1.0,2,2,Building works,Αναλυτικα Τιμολογια Εργων (ΓΓΔΕ),Building works,Building works - chapter 73,a41498017cf3
2264.3A,ΟΙΚ 2264.3A,Abstract Material,General,,47.67,47.67,47.67,47.67,1,EUR,32.18,0.675,2,1,Building works,Αναλυτικα Τιμολογια Εργων (ΓΓΔΕ),Building works,Building works - chapter 22,1577231e0233
7362.2,ΟΙΚ 7362.2,Abstract Material,General,,49.45,49.45,49.45,49.45,1,EUR,49.45,1.0,2,2,Building works,Αναλυτικα Τιμολογια Εργων (ΓΓΔΕ),Building works,Building works - chapter 73,dc8feefd9bb7
7363,"Επιστρώσεις με μαρμαροψηφίδες (μωσαϊκά) Επιστρώσεις με μαρμαροψηφίδες (μωσαικά), μεγέθους έως Νο 6, λευκές ή με προσθήκης ψηφίδων οποιωνδήποτε άλλων χρωμάτων, εκτελούμενες σε δύο στρώσεις. Επιμελής καθαρισμός των προς επίστρωση επιφανειών και πλύσιμο, υλικά και εργασία αναμίξεως, διαστρώσεως - Επιστρώσεις με μωσαϊκά πάχους 3,5 cm, με τσιμέντο κοινό και ψηφίδες λευκές μεγέθους έως Νο 8 σε ποσοστό",Abstract Material,General,,56.04,56.04,56.04,56.04,1,EUR,56.04,1.0,2,2,Building works,Αναλυτικα Τιμολογια Εργων (ΓΓΔΕ),Building works,Building works - chapter 73,ee306f075c30
455,Συγκρότημα υδροσπορέως πριν από τις 16-8-1994,Equipment,General,ΗΜ,232.13,31.28,432.99,232.13,2,EUR,232.13,1.0,2,2,Hydraulic works,Αναλυτικα Τιμολογια Εργων (ΓΓΔΕ),Hydraulic works,Hydraulic works - chapter 55,f9488502a4a7
465,Συγκρότημα παρασκευής και εκτοξεύσεως GUNITE με σωληνώσεις 100 περίπου μέτρων και εξαρτήματα τύπου MEYCO GM-7 ή παρεμφερ,Equipment,General,ΗΜ,102.61,102.61,102.61,102.61,1,EUR,102.61,1.0,2,2,Hydraulic works,Αναλυτικα Τιμολογια Εργων (ΓΓΔΕ),Hydraulic works,Hydraulic works - chapter 56,ef949eae2ecb
468,"Διατρητικό συγκρότημα 5 βραχιόνων, δηλαδή 4 ελαφρών αεροσφυρών περιφερειακών και μιας κεντρικής τύπου PANTOFORE ή παρεμφ",Equipment,General,ΗΜ,87.28,87.28,87.28,87.28,1,EUR,87.28,1.0,2,2,Hydraulic works,Αναλυτικα Τιμολογια Εργων (ΓΓΔΕ),Hydraulic works,Hydraulic works - chapter 56,0a90ecaa77a8
467,"Διατρητικό συγκρότημα 5 βραχιόνων, δηλαδή 4 ελαφρών αεροσφυρών περιφερειακών και μιας κεντρικής τύπου PANTOFORE ή παρεμφ",Equipment,General,ΗΜ,348.52,348.52,348.52,348.52,1,EUR,348.52,1.0,2,2,Hydraulic works,Αναλυτικα Τιμολογια Εργων (ΓΓΔΕ),Hydraulic works,Hydraulic works - chapter 56,6e2a346c6415
1421,ΟΙΚ 1421,Abstract Material,General,,0.0,0.0,0.0,0.0,0,EUR,0.0,0.016,2,2,Building works,Αναλυτικα Τιμολογια Εργων (ΓΓΔΕ),Building works,Building works - chapter 71,6fa6fe86b0bf
453,Χλοοκοπτική μηχανή βενζινοκίνητη με έναν ειδικευμένο εργάτη,Equipment,General,ΗΜ,90.72,90.72,90.72,90.72,1,EUR,17.01,0.5938,2,2,Hydraulic works,Αναλυτικα Τιμολογια Εργων (ΓΓΔΕ),Hydraulic works,Hydraulic works - chapter 55,8ea718c489f8
420,"ΣΥΓΚΡΟΤΗΜΑ ΠΑΡΑΓΩΓΗΣ ΑΣΦΑΛΤΟΣΚΥΡΟΔΕΜΑΤΟΣ 17.1 Συγκρότημα χωρητικότητας μίξερ 1200 kg, ολικής εγκατεστημένης 17.2 Συγκρότ",Equipment,General,ΗΜ,97.29,97.29,97.29,97.29,1,EUR,97.29,1.0,2,2,Hydraulic works,Αναλυτικα Τιμολογια Εργων (ΓΓΔΕ),Hydraulic works,Hydraulic works - chapter 52,38cc2071cd7c
472,"Αναμικτήρας ενεμάτων υψηλού στροβιλώδους, τύπου ATLAS CEMIX 175 ή παρεμφερής",Equipment,General,ΗΜ,26.51,26.51,26.51,26.51,1,EUR,16.57,0.625,2,1,Hydraulic works,Αναλυτικα Τιμολογια Εργων (ΓΓΔΕ),Hydraulic works,Hydraulic works - chapter 57,79f2ad16fa75
478,"από 10 51 Γεωτρύπανο περιστροφικό με ικανότητα διατρήσεως βραχώδη εδάφη οπής διαμέτρου 146 mm σε βάθος 100 m, που περιλα",Equipment,General,ΗΜ,115.12,115.12,115.12,115.12,1,EUR,115.12,1.0,2,2,Hydraulic works,Αναλυτικα Τιμολογια Εργων (ΓΓΔΕ),Hydraulic works,Hydraulic works - chapter 57,36208199c90a
477,Συσκευή αντλήσεως νερού με εμφύσηση αέρα και εκτοξεύσεως νερού για την ανάπτυξη της γεωτρήσεως (AIR LIFT και JET) με διά,Equipment,General,ΗΜ,6.95,6.95,6.95,6.95,1,EUR,6.95,1.0,2,2,Hydraulic works,Αναλυτικα Τιμολογια Εργων (ΓΓΔΕ),Hydraulic works,Hydraulic works - chapter 57,3bdc20419835
481,"από 10 51 Γεωτρύπανο περιστροφικό με ικανότητα διατρήσεως βραχώδη εδάφη οπής διαμέτρου 146 mm σε βάθος 100 m, που περιλα",Equipment,General,ΗΜ,812.49,812.49,812.49,812.49,1,EUR,812.49,1.0,2,2,Hydraulic works,Αναλυτικα Τιμολογια Εργων (ΓΓΔΕ),Hydraulic works,Hydraulic works - chapter 58,b0c35256d04e
476,"Αντλητικό συγκρότημα με αντλία τύπου ""πομόνας"" διαμέτρου 20 ins με ικανότητα αντλήσεως 400 It/s από βάθος 50 m και με πε",Equipment,General,ΗΜ,85.4,85.4,85.4,85.4,1,EUR,85.4,1.0,2,2,Hydraulic works,Αναλυτικα Τιμολογια Εργων (ΓΓΔΕ),Hydraulic works,Hydraulic works - chapter 57,714988056cf4
7372.4,ΟΙΚ 7372.4,Abstract Material,General,,0.0,0.0,0.0,0.0,0,EUR,0.0,0.4,2,2,Building works,Αναλυτικα Τιμολογια Εργων (ΓΓΔΕ),Building works,Building works - chapter 73,df3212bb6039
7372.3,ΟΙΚ 7372.3,Abstract Material,General,,50.17,50.17,50.17,50.17,1,EUR,20.07,0.4,2,2,Building works,Αναλυτικα Τιμολογια Εργων (ΓΓΔΕ),Building works,Building works - chapter 73,35c6f120969a
7372.2,ΟΙΚ 7372.2,Abstract Material,General,,0.0,0.0,0.0,0.0,0,EUR,0.0,0.4,2,2,Building works,Αναλυτικα Τιμολογια Εργων (ΓΓΔΕ),Building works,Building works - chapter 73,7bb798e50e2c
7372.1,ΟΙΚ 7372.1,Abstract Material,General,,49.15,49.15,49.15,49.15,1,EUR,19.66,0.4,2,2,Building works,Αναλυτικα Τιμολογια Εργων (ΓΓΔΕ),Building works,Building works - chapter 73,aaf8cebe8a79
7374.2,ΟΙΚ 7374.2,Abstract Material,General,,0.0,0.0,0.0,0.0,0,EUR,0.0,0.4,2,2,Building works,Αναλυτικα Τιμολογια Εργων (ΓΓΔΕ),Building works,Building works - chapter 73,19017c277449
7374.3,ΟΙΚ 7374.3,Abstract Material,General,,58.54,58.54,58.54,58.54,1,EUR,23.42,0.4,2,2,Building works,Αναλυτικα Τιμολογια Εργων (ΓΓΔΕ),Building works,Building works - chapter 73,4056a093cc9f
7367.2,ΟΙΚ 7367.2,Abstract Material,General,,99.57,99.57,99.57,99.57,1,EUR,99.57,1.0,2,2,Building works,Αναλυτικα Τιμολογια Εργων (ΓΓΔΕ),Building works,Building works - chapter 73,5e0c51981503
7371.1,ΟΙΚ 7371.1,Abstract Material,General,,48.78,48.78,48.78,48.78,1,EUR,19.51,0.4,2,2,Building works,Αναλυτικα Τιμολογια Εργων (ΓΓΔΕ),Building works,Building works - chapter 73,35eb11f2d112
7364.2,ΟΙΚ 7364.2,Abstract Material,General,,57.66,57.66,57.66,57.66,1,EUR,57.66,1.0,2,2,Building works,Αναλυτικα Τιμολογια Εργων (ΓΓΔΕ),Building works,Building works - chapter 73,7f3dce876080
7364.1,ΟΙΚ 7364.1,Abstract Material,General,,56.55,56.55,56.55,56.55,1,EUR,56.55,1.0,2,2,Building works,Αναλυτικα Τιμολογια Εργων (ΓΓΔΕ),Building works,Building works - chapter 73,7a9de966330d
7367.1,ΟΙΚ 7367.1,Abstract Material,General,,98.18,98.18,98.18,98.18,1,EUR,98.18,1.0,2,2,Building works,Αναλυτικα Τιμολογια Εργων (ΓΓΔΕ),Building works,Building works - chapter 73,4f0889baa373
7366,ΟΙΚ 7366,Abstract Material,General,,97.48,97.48,97.48,97.48,1,EUR,97.48,1.0,2,2,Building works,Αναλυτικα Τιμολογια Εργων (ΓΓΔΕ),Building works,Building works - chapter 73,d9b4180ba4d1
2264.3Γ,ΟΙΚ 2264.3Γ,Abstract Material,General,,65.55,65.55,65.55,65.55,1,EUR,44.25,0.675,2,1,Building works,Αναλυτικα Τιμολογια Εργων (ΓΓΔΕ),Building works,Building works - chapter 22,e8b7d45bf77a
2264.3Δ,ΟΙΚ 2264.3Δ,Abstract Material,General,,74.49,74.49,74.49,74.49,1,EUR,50.28,0.675,2,1,Building works,Αναλυτικα Τιμολογια Εργων (ΓΓΔΕ),Building works,Building works - chapter 22,a3062f70c0e7
7373.1,ΟΙΚ 7373.1,Abstract Material,General,,56.92,56.92,56.92,56.92,1,EUR,22.77,0.4,2,2,Building works,Αναλυτικα Τιμολογια Εργων (ΓΓΔΕ),Building works,Building works - chapter 73,78a3f8b22359
7373.2,ΟΙΚ 7373.2,Abstract Material,General,,0.0,0.0,0.0,0.0,0,EUR,0.0,0.4,2,2,Building works,Αναλυτικα Τιμολογια Εργων (ΓΓΔΕ),Building works,Building works - chapter 73,4a70f6bbc16c
327.1,"Νεροχύτης μαρμάρινος πλάτους 50 cm, πάχους 20 έως 25 cm και μήκους 50 cm τεμ — .2 Νεροχύτης μαρμάρινος πλάτους 50 cm, πάχους 20 έως 25 cm και μήκους 60 cm τεμ — .3 Νεροχύτης μαρμάρινος πλάτους 50 cm, πάχους 20 έως 25 cm και μήκους 70 cm",Material,General,τεμ,0.0,0.0,0.0,0.0,0,EUR,0.0,0.515,2,1,Building works,Αναλυτικα Τιμολογια Εργων (ΓΓΔΕ),Building works,Building works - chapter 75,a94ed7ae0489
323,"Μάρμαρο ολόσωμων βαθμίδων χρήσιμου μήκους 1,41 έως 1,80 m και προελεύσεως Πεντέλης (λευκό)",Material,General,m,113.85,113.85,113.85,113.85,1,EUR,130.93,1.15,2,2,Building works,Αναλυτικα Τιμολογια Εργων (ΓΓΔΕ),Building works,Building works - chapter 75,92db4bdd6160
403,Υαλοπίνακες διαφανείς ημίδιπλοι πάχους 3 mm,Material,General,,14.29,14.29,14.29,14.29,1,EUR,15.72,1.1,2,2,Building works,Αναλυτικα Τιμολογια Εργων (ΓΓΔΕ),Building works,Building works - chapter 76,5d53f7bb8496
401,Υαλοπίνακες διαφανείς απλοί πάχους 2 mm,Material,General,m2,12.2,12.2,12.2,12.2,1,EUR,13.42,1.1,2,2,Building works,Αναλυτικα Τιμολογια Εργων (ΓΓΔΕ),Building works,Building works - chapter 76,0d2d29ba2a35
409,"Υαλοπίνακες διαφανείς, κρύσταλλα εγχώρια πάχους 5 mm",Material,General,,21.03,21.03,21.03,21.03,1,EUR,23.13,1.1,2,2,Building works,Αναλυτικα Τιμολογια Εργων (ΓΓΔΕ),Building works,Building works - chapter 76,6ff4554ffe5c
7374.4,ΟΙΚ 7374.4,Abstract Material,General,,0.0,0.0,0.0,0.0,0,EUR,0.0,0.4,2,2,Building works,Αναλυτικα Τιμολογια Εργων (ΓΓΔΕ),Building works,Building works - chapter 73,ea72b61d8cf2
7371.2,ΟΙΚ 7371.2,Abstract Material,General,,0.0,0.0,0.0,0.0,0,EUR,0.0,0.4,2,2,Building works,Αναλυτικα Τιμολογια Εργων (ΓΓΔΕ),Building works,Building works - chapter 73,4819a32ad3f1
406,Υαλοπίνακες διαφανείς διπλοί πάχους 4 mm,Material,General,m2,17.66,17.66,17.66,17.66,1,EUR,19.43,1.1,2,2,Building works,Αναλυτικα Τιμολογια Εργων (ΓΓΔΕ),Building works,Building works - chapter 76,3949d02ce02a
2261Δ,ΟΙΚ 2261Δ,Abstract Material,General,,23.84,23.84,23.84,23.84,1,EUR,16.09,0.675,2,1,Building works,Αναλυτικα Τιμολογια Εργων (ΓΓΔΕ),Building works,Building works - chapter 22,c817cc28c730
2261Γ,ΟΙΚ 2261Γ,Abstract Material,General,,17.88,17.88,17.88,17.88,1,EUR,12.07,0.675,2,1,Building works,Αναλυτικα Τιμολογια Εργων (ΓΓΔΕ),Building works,Building works - chapter 22,d9d1e03f6881
2262Δ,ΟΙΚ 2262Δ,Abstract Material,General,,31.78,31.78,31.78,31.78,1,EUR,21.45,0.675,2,1,Building works,Αναλυτικα Τιμολογια Εργων (ΓΓΔΕ),Building works,Building works - chapter 22,2a17f0468803
2262Γ,ΟΙΚ 2262Γ,Abstract Material,General,,23.84,23.84,23.84,23.84,1,EUR,16.09,0.675,2,1,Building works,Αναλυτικα Τιμολογια Εργων (ΓΓΔΕ),Building works,Building works - chapter 22,3407732f9d40
239,Σκληρός χάλυβας προεντεταμένου σκυροδέματος,Material,General,kg,8.3,8.3,8.3,8.3,1,EUR,5.45,0.6565,2,1,Road works,Αναλυτικα Τιμολογια Εργων (ΓΓΔΕ),Road works,Road works - chapter 26,015d4d2cb91c
322,"Μάρμαρο ολόσωμων βαθμίδων χρήσιμου μήκους 1,01 έως 1,40 m και προελεύσεως Πεντέλης (λευκό)",Material,General,m,99.62,99.62,99.62,99.62,1,EUR,114.56,1.15,2,2,Building works,Αναλυτικα Τιμολογια Εργων (ΓΓΔΕ),Building works,Building works - chapter 75,85ab306bcac3
7374.1,ΟΙΚ 7374.1,Abstract Material,General,,57.43,57.43,57.43,57.43,1,EUR,22.97,0.4,2,2,Building works,Αναλυτικα Τιμολογια Εργων (ΓΓΔΕ),Building works,Building works - chapter 73,6cdf731a8cfb
2264.3B,ΟΙΚ 2264.3B,Abstract Material,General,,56.61,56.61,56.61,56.61,1,EUR,38.21,0.675,2,1,Building works,Αναλυτικα Τιμολογια Εργων (ΓΓΔΕ),Building works,Building works - chapter 22,02e6aeee41f0
2264.1Δ,ΟΙΚ 2264.1Δ,Abstract Material,General,,45.69,45.69,45.69,45.69,1,EUR,30.84,0.675,2,1,Building works,Αναλυτικα Τιμολογια Εργων (ΓΓΔΕ),Building works,Building works - chapter 22,3d708746fbc0
2264.1Γ,ΟΙΚ 2264.1Γ,Abstract Material,General,,41.71,41.71,41.71,41.71,1,EUR,28.16,0.675,2,1,Building works,Αναλυτικα Τιμολογια Εργων (ΓΓΔΕ),Building works,Building works - chapter 22,0b97afeb2b06
2264.1B,ΟΙΚ 2264.1B,Abstract Material,General,,36.75,36.75,36.75,36.75,1,EUR,24.81,0.675,2,1,Building works,Αναλυτικα Τιμολογια Εργων (ΓΓΔΕ),Building works,Building works - chapter 22,90523efbe569
2264.1A,ΟΙΚ 2264.1A,Abstract Material,General,,31.78,31.78,31.78,31.78,1,EUR,21.45,0.675,2,1,Building works,Αναλυτικα Τιμολογια Εργων (ΓΓΔΕ),Building works,Building works - chapter 22,c64058b79a1a
510,Υαλοβάμβακας,Material,General,kg,3.02,3.02,3.02,3.02,1,EUR,4.3,1.425,2,2,Building works,Αναλυτικα Τιμολογια Εργων (ΓΓΔΕ),Building works,Building works - chapter 79,957932228992
536,"Πλαστικός στόκος πληρώσεως αρμών διαστολής, εγχώριο",Material,General,kg,2.5,2.5,2.5,2.5,1,EUR,0.56,0.225,2,2,Building works,Αναλυτικα Τιμολογια Εργων (ΓΓΔΕ),Building works,Building works - chapter 79,8b0e90885c92
520,"Θερμοηχομονωτικό υλικό, ως το 519, αλλά σε πλάκες διογκωμένης πολυστερίνης",Material,General,,43.93,43.93,43.93,43.93,1,EUR,0.0,0.0,2,2,Building works,Αναλυτικα Τιμολογια Εργων (ΓΓΔΕ),Building works,Building works - chapter 79,14a6f6ea4cce
514,Διογκωμένη πολυστερίνη σε φύλλα οποιουδήποτε πάχους,Material,General,,45.65,45.65,45.65,45.65,1,EUR,0.0,0.0,2,2,Building works,Αναλυτικα Τιμολογια Εργων (ΓΓΔΕ),Building works,Building works - chapter 79,3c8208c4a13d
422,Κρύσταλλα ασφαλείας τύπου SECURIT πάχους 10 mm,Material,General,,134.47,134.47,134.47,134.47,1,EUR,134.47,1.0,2,2,Building works,Αναλυτικα Τιμολογια Εργων (ΓΓΔΕ),Building works,Building works - chapter 76,74486738f42b
421,Κρύσταλλα ασφαλείας τύπου SECURIT πάχους 8 mm,Material,General,,97.84,97.84,97.84,97.84,1,EUR,97.84,1.0,2,2,Building works,Αναλυτικα Τιμολογια Εργων (ΓΓΔΕ),Building works,Building works - chapter 76,11d81f39b3f1
2264.2A,ΟΙΚ 2264.2A,Abstract Material,General,,39.73,39.73,39.73,39.73,1,EUR,26.82,0.675,2,1,Building works,Αναλυτικα Τιμολογια Εργων (ΓΓΔΕ),Building works,Building works - chapter 22,23d762f06746
2264.2B,ΟΙΚ 2264.2B,Abstract Material,General,,47.67,47.67,47.67,47.67,1,EUR,32.18,0.675,2,1,Building works,Αναλυτικα Τιμολογια Εργων (ΓΓΔΕ),Building works,Building works - chapter 22,aea0a3feb6a4
414,"Υαλοπίνακες διαμαντέ πάχους 3,5 mm μήκους έως 1",Material,General,m,21.03,21.03,21.03,21.03,1,EUR,23.13,1.1,2,2,Building works,Αναλυτικα Τιμολογια Εργων (ΓΓΔΕ),Building works,Building works - chapter 76,3fa0e854ee1b
415,"Υαλοπίνακες διαμαντέ πάχους 3,5 mm μήκους άνω του 1",Material,General,m,21.03,21.03,21.03,21.03,1,EUR,23.13,1.1,2,2,Building works,Αναλυτικα Τιμολογια Εργων (ΓΓΔΕ),Building works,Building works - chapter 76,6f4c430b395f
2264.2Γ,ΟΙΚ 2264.2Γ,Abstract Material,General,,55.62,55.62,55.62,55.62,1,EUR,37.54,0.675,2,1,Building works,Αναλυτικα Τιμολογια Εργων (ΓΓΔΕ),Building works,Building works - chapter 22,5b2bac49cbea
412,"Υαλοπίνακες αδιαφανείς (ματ) ημίδιπλοι, πάχους 3 mm",Material,General,m2,28.83,28.83,28.83,28.83,1,EUR,31.71,1.1,2,2,Building works,Αναλυτικα Τιμολογια Εργων (ΓΓΔΕ),Building works,Building works - chapter 76,a043a0093e34
7721,ΟΙΚ 7721,Abstract Material,General,,5.32,5.32,5.32,5.32,1,EUR,1.86,0.35,2,2,Building works,Αναλυτικα Τιμολογια Εργων (ΓΓΔΕ),Building works,Building works - chapter 77,d961c6eb29bb
7720,ΟΙΚ 7720,Abstract Material,General,,7.97,7.97,7.97,7.97,1,EUR,2.79,0.35,2,2,Building works,Αναλυτικα Τιμολογια Εργων (ΓΓΔΕ),Building works,Building works - chapter 77,35cc4ba3fb4b
511,Ύφασμα λινάτσας,Material,General,,0.55,0.49,0.62,0.55,2,EUR,0.32,0.625,2,2,Building works,Αναλυτικα Τιμολογια Εργων (ΓΓΔΕ),Building works,Building works - chapter 23,ffac5a17c133
2268Δ,ΟΙΚ 2268Δ,Abstract Material,General,,137.06,137.06,137.06,137.06,1,EUR,109.65,0.8,2,1,Building works,Αναλυτικα Τιμολογια Εργων (ΓΓΔΕ),Building works,Building works - chapter 22,9f4a09d719f3
2267,Διάνοιξη οπής ή φωλιάς σε λιθοδομή,Abstract Material,General,,69.52,69.52,69.52,69.52,1,EUR,55.62,0.8,2,1,Building works,Αναλυτικα Τιμολογια Εργων (ΓΓΔΕ),Building works,Building works - chapter 22,66a197a548d4
2268Γ,ΟΙΚ 2268Γ,Abstract Material,General,,127.13,127.13,127.13,127.13,1,EUR,101.7,0.8,2,1,Building works,Αναλυτικα Τιμολογια Εργων (ΓΓΔΕ),Building works,Building works - chapter 22,fcace37b57ee
1490,ΟΙΚ 1490,Abstract Material,General,,1.59,1.59,1.59,1.59,1,EUR,0.14,0.09,2,2,Building works,Αναλυτικα Τιμολογια Εργων (ΓΓΔΕ),Building works,Building works - chapter 77,acdb21d59d2d
411,"Υαλοπίνακες αδιαφανείς (ματ) απλοί, πάχους 2 mm",Material,General,,26.71,26.71,26.71,26.71,1,EUR,29.38,1.1,2,2,Building works,Αναλυτικα Τιμολογια Εργων (ΓΓΔΕ),Building works,Building works - chapter 76,254065ffa55f
478,Πλαστικό χρώμα με βάση το λατέξ (P.V.A.),Material,General,kg,3.06,3.06,3.06,3.06,1,EUR,0.41,0.135,2,2,Building works,Αναλυτικα Τιμολογια Εργων (ΓΓΔΕ),Building works,Building works - chapter 77,e2f9b9464ee0
410,"Υαλοπίνακες διαφανείς, κρύσταλλα εγχώρια πάχους 6 mm",Material,General,m2,28.61,28.61,28.61,28.61,1,EUR,31.47,1.1,2,2,Building works,Αναλυτικα Τιμολογια Εργων (ΓΓΔΕ),Building works,Building works - chapter 76,9cca9652144b
4666.1,ΟΙΚ 4666.1,Abstract Material,General,,213.98,213.98,213.98,213.98,1,EUR,213.98,1.0,2,2,Building works,Αναλυτικα Τιμολογια Εργων (ΓΓΔΕ),Building works,Building works - chapter 48,6fb7a6f61851
362,Σπόρος χλοοτάπητος kg 5.25,Material,General,,3.9,3.9,3.9,3.9,1,EUR,136.5,35.0,2,2,Landscaping / green works,Αναλυτικα Τιμολογια Εργων (ΓΓΔΕ),Landscaping / green works,Landscaping / green works - chapter 55,64ecf392edde
4666.2,ΟΙΚ 4666.2,Abstract Material,General,,219.11,219.11,219.11,219.11,1,EUR,219.11,1.0,2,2,Building works,Αναλυτικα Τιμολογια Εργων (ΓΓΔΕ),Building works,Building works - chapter 48,ec3f3fc925ca
377,Ταινία ξύλινου ρολού,Material,General,m,2.26,0.93,3.6,2.26,2,EUR,452.78,128.0,2,2,Building works,Αναλυτικα Τιμολογια Εργων (ΓΓΔΕ),Building works,Building works - chapter 14,5caf4d84946b
378,Μηχανισμός ταινίας ξύλινου ρολού χωνευτός,Material,General,τεμ,7.74,0.54,14.95,7.74,2,EUR,34.48,50.5,2,2,Building works,Αναλυτικα Τιμολογια Εργων (ΓΓΔΕ),Building works,Building works - chapter 14,a92a21d7ba52
291,Συρματόσχοινο μηχανημάτων,Material,General,kg,4.5,4.5,4.5,4.5,1,EUR,9.9,2.2,2,2,Building works,Αναλυτικα Τιμολογια Εργων (ΓΓΔΕ),Building works,Building works - chapter 11,82d01912e01e
022,Ασβέστης άνυδρος σε βώλους,Material,General,kg,0.07,0.07,0.07,0.07,1,EUR,33.6,480.0,1,1,Building works,Αναλυτικα Τιμολογια Εργων (ΓΓΔΕ),Building works,Building works - chapter 14,9b2244da8920
297.1,Μόλυβδος σε χελώνες kg 1.80,Material,General,,1.91,1.91,1.91,1.91,1,EUR,2.29,1.2,1,1,Electromechanical works,Αναλυτικα Τιμολογια Εργων (ΓΓΔΕ),Electromechanical works,Electromechanical works - chapter 1,580f031886d6
7106.5,Δοκοί προπορείας βαρέως τύπου (forepoling,Abstract Material,General,,376.44,376.44,376.44,376.44,1,EUR,376.44,1.0,1,1,Hydraulic works,Αναλυτικα Τιμολογια Εργων (ΓΓΔΕ),Hydraulic works,Hydraulic works - chapter 71,a725a1ee7ca7
7106.4,Δοκοί προπορείας βαρέως τύπου (forepoling,Abstract Material,General,,301.15,301.15,301.15,301.15,1,EUR,301.15,1.0,1,1,Hydraulic works,Αναλυτικα Τιμολογια Εργων (ΓΓΔΕ),Hydraulic works,Hydraulic works - chapter 71,d5a4f99eda68
7106.3,Δοκοί προπορείας βαρέως τύπου (forepoling,Abstract Material,General,,248.45,248.45,248.45,248.45,1,EUR,248.45,1.0,1,1,Hydraulic works,Αναλυτικα Τιμολογια Εργων (ΓΓΔΕ),Hydraulic works,Hydraulic works - chapter 71,8d6fc4051e65
7106.2,Δοκοί προπορείας βαρέως τύπου (forepoling,Abstract Material,General,,210.81,210.81,210.81,210.81,1,EUR,210.81,1.0,1,1,Hydraulic works,Αναλυτικα Τιμολογια Εργων (ΓΓΔΕ),Hydraulic works,Hydraulic works - chapter 71,bc73c829328b
7106.1,Δοκοί προπορείας βαρέως τύπου (forepoling,Abstract Material,General,,188.22,188.22,188.22,188.22,1,EUR,188.22,1.0,1,1,Hydraulic works,Αναλυτικα Τιμολογια Εργων (ΓΓΔΕ),Hydraulic works,Hydraulic works - chapter 71,8e1c6c1d5cb8
7017.7,ΕΦΑΡΜΟΓΗ ΕΚΤΟΞΕΥΟΜΕΝΟΥ ΣΚΥΡΟΔΕΜΑΤΟΣ ΕΚΤΟΣ ΥΠΟΓΕΙΩΝ ΕΡΓΩΝ,Abstract Material,General,,50.65,50.65,50.65,50.65,1,EUR,50.65,1.0,1,1,Hydraulic works,Αναλυτικα Τιμολογια Εργων (ΓΓΔΕ),Hydraulic works,Hydraulic works - chapter 70,81246cb94dfd
7017.6,ΕΦΑΡΜΟΓΗ ΕΚΤΟΞΕΥΟΜΕΝΟΥ ΣΚΥΡΟΔΕΜΑΤΟΣ ΕΚΤΟΣ ΥΠΟΓΕΙΩΝ ΕΡΓΩΝ,Abstract Material,General,,78.11,78.11,78.11,78.11,1,EUR,78.11,1.0,1,1,Hydraulic works,Αναλυτικα Τιμολογια Εργων (ΓΓΔΕ),Hydraulic works,Hydraulic works - chapter 70,77a4634181ce
376,Λαμάκια ξύλινου ρολού,Material,General,τεμ,0.22,0.22,0.22,0.22,1,EUR,35.26,160.0,1,1,Building works,Αναλυτικα Τιμολογια Εργων (ΓΓΔΕ),Building works,Building works - chapter 14,68aa61a6886f
371,Κοχλιωτοί ήλοι (ξυλόβιδες) 18/20 σε κουτιά των 144 τεμ.,Material,General,τεμ,1.78,1.78,1.78,1.78,1,EUR,3.56,2.0,1,1,Building works,Αναλυτικα Τιμολογια Εργων (ΓΓΔΕ),Building works,Building works - chapter 14,fcd1eff7b114
581.2,Τσιμεντοσωλήν ομβρίων υδάτων διαμέτρου 100 mm,Material,General,m,9.09,9.09,9.09,9.09,1,EUR,10.91,1.2,1,1,Electromechanical works,Αναλυτικα Τιμολογια Εργων (ΓΓΔΕ),Electromechanical works,Electromechanical works - chapter 10,f333d97be507
582.2,"Χυτοσιδήρους σωλήν αποχετεύσεως, φυγοκεντρικής χυτεύσεως, διαμέτρου 100 mm, πάχους ... mm",Material,General,m,27.0,27.0,27.0,27.0,1,EUR,35.1,1.3,1,1,Electromechanical works,Αναλυτικα Τιμολογια Εργων (ΓΓΔΕ),Electromechanical works,Electromechanical works - chapter 1,04faaa730239
325,"από 10 51 Γεωτρύπανο περιστροφικό με ικανότητα διατρήσεως βραχώδη εδάφη οπής διαμέτρου 146 mm σε βάθος 100 m, που περιλα",Equipment,General,ΗΜ,317.23,317.23,317.23,317.23,1,EUR,317.23,1.0,1,1,Marine / port works,Αναλυτικα Τιμολογια Εργων (ΓΓΔΕ),Marine / port works,Marine / port works - chapter 41,a2bf35922d2b
321,"από 10 51 Γεωτρύπανο περιστροφικό με ικανότητα διατρήσεως βραχώδη εδάφη οπής διαμέτρου 146 mm σε βάθος 100 m, που περιλα",Equipment,General,ΗΜ,213.36,213.36,213.36,213.36,1,EUR,213.36,1.0,1,1,Marine / port works,Αναλυτικα Τιμολογια Εργων (ΓΓΔΕ),Marine / port works,Marine / port works - chapter 41,2e913bfaa3d5
320,"από 10 51 Γεωτρύπανο περιστροφικό με ικανότητα διατρήσεως βραχώδη εδάφη οπής διαμέτρου 146 mm σε βάθος 100 m, που περιλα",Equipment,General,ΗΜ,156.74,156.74,156.74,156.74,1,EUR,156.74,1.0,1,1,Marine / port works,Αναλυτικα Τιμολογια Εργων (ΓΓΔΕ),Marine / port works,Marine / port works - chapter 40,f485ca03bee0
450,Ελκυστηρας με άροτρο ή πλατφόρμα ή σύστημα διανοίξεως λάκκων ή φρέζα ή χλοοκοπτικό,Equipment,General,ΗΜ,115.12,115.12,115.12,115.12,1,EUR,115.12,1.0,1,1,Landscaping / green works,Αναλυτικα Τιμολογια Εργων (ΓΓΔΕ),Landscaping / green works,Landscaping / green works - chapter 55,1362817d78bf
575.3,"Πηλοσωλήν αλοιφωτός, υπόγειος διαμέτρου",Material,General,,0.0,0.0,0.0,0.0,0,EUR,0.0,1.2,1,1,Electromechanical works,Αναλυτικα Τιμολογια Εργων (ΓΓΔΕ),Electromechanical works,Electromechanical works - chapter 9,887de87bae54
567.13,"Χαλυβδοσωλήν μαύρος άνευ ραφής διαμέτρου 64/70 mm m 18,12 571.5.1 Χαλκοσωλήν εξωτερικής διαμέτρου 15 mm, πάχους τοιχ.... mm m 1,58 572.1.7 Σωλήν πλαστικός εκ σκληρού PVC για 60 ˚C, αποχετεύσεως, πιέσεως 4 atm, διαμέτρου 100 mm",Material,General,m,19.21,19.21,19.21,19.21,1,EUR,24.97,1.3,1,1,Electromechanical works,Αναλυτικα Τιμολογια Εργων (ΓΓΔΕ),Electromechanical works,Electromechanical works - chapter 6,e4f88764dba0
513,Χαρτόνι μονώσεως,Material,General,m2,1.2,1.2,1.2,1.2,1,EUR,0.3,0.25,1,1,Electromechanical works,Αναλυτικα Τιμολογια Εργων (ΓΓΔΕ),Electromechanical works,Electromechanical works - chapter 40,fe86ff7fe1ab
036,Γύψος λευκός (πλαστικός),Material,General,kg,0.09,0.09,0.09,0.09,1,EUR,0.27,3.0,1,1,Electromechanical works,Αναλυτικα Τιμολογια Εργων (ΓΓΔΕ),Electromechanical works,Electromechanical works - chapter 40,1137658c1e67
720.11,"Μανομετρικός δείκτης στάθμης ύδατος διαμέτρου 10 cm, ενδείξεως 0 έως 50 m τεμ 7,00 729.1.2 Τοπική κλιματιστική συσκευή ανεμιστήρος στοιχείου (F.C.U) δαπέδου μετά περιβλήματος, παροχής 300 CFM",Material,General,τεμ,9.0,9.0,9.0,9.0,1,EUR,9.18,1.02,1,1,Electromechanical works,Αναλυτικα Τιμολογια Εργων (ΓΓΔΕ),Electromechanical works,Electromechanical works - chapter 31,4ba8e4657cca
588.3,Αμιαντοτσιμεντοσωλήν αποχετεύσεων διαμέτρου,Material,General,,0.0,0.0,0.0,0.0,0,EUR,0.0,1.3,1,1,Electromechanical works,Αναλυτικα Τιμολογια Εργων (ΓΓΔΕ),Electromechanical works,Electromechanical works - chapter 3,68d3cbeeb4e8
363,"Πλήρες συνεργείο σκάφους υποβρυχίων εργασιών χωρίς πλήρωμα και δύτη, ήτοι ενοίκιο σκάφους και καταδυτικού μηχανήματος, ε",Equipment,General,ΗΜ,102.61,102.61,102.61,102.61,1,EUR,102.61,1.0,1,1,Marine / port works,Αναλυτικα Τιμολογια Εργων (ΓΓΔΕ),Marine / port works,Marine / port works - chapter 51,418f4c07c42a
2271Γ,ΟΙΚ 2271Γ,Abstract Material,General,,69.52,69.52,69.52,69.52,1,EUR,90.38,1.3,1,1,Building works,Αναλυτικα Τιμολογια Εργων (ΓΓΔΕ),Building works,Building works - chapter 22,fa26aa1838f0
2273Δ,ΟΙΚ 2273Δ,Abstract Material,General,,258.23,258.23,258.23,258.23,1,EUR,335.7,1.3,1,1,Building works,Αναλυτικα Τιμολογια Εργων (ΓΓΔΕ),Building works,Building works - chapter 22,e0ddbac17506
498,Γωνίες γύψινες (λούκια) εξωτερικού αναπτύγματος διατομής 25 cm,Material,General,m,0.99,0.99,0.99,0.99,1,EUR,1.14,1.15,1,1,Building works,Αναλυτικα Τιμολογια Εργων (ΓΓΔΕ),Building works,Building works - chapter 78,2f481cc820e2
496,Ταινίες γύψινες πλάτους 8 cm,Material,General,m,0.89,0.89,0.89,0.89,1,EUR,1.06,1.2,1,1,Building works,Αναλυτικα Τιμολογια Εργων (ΓΓΔΕ),Building works,Building works - chapter 78,9c5a79eb9b82
480,Διαβρωτικό χρωμάτων,Material,General,kg,0.0,0.0,0.0,0.0,0,EUR,0.0,0.5,1,1,Building works,Αναλυτικα Τιμολογια Εργων (ΓΓΔΕ),Building works,Building works - chapter 77,a4549507cc40
479,Πλαστικό χρώμα RELIEF,Material,General,kg,1.88,1.88,1.88,1.88,1,EUR,1.88,1.0,1,1,Building works,Αναλυτικα Τιμολογια Εργων (ΓΓΔΕ),Building works,Building works - chapter 77,0e0ceecbdde8
459,Βερνίκι εξωτερικής χρήσεως ξύλινων επιφανειών,Material,General,kg,5.28,5.28,5.28,5.28,1,EUR,0.53,0.1,1,1,Building works,Αναλυτικα Τιμολογια Εργων (ΓΓΔΕ),Building works,Building works - chapter 77,8cc63f27f1db
458,Βερνίκι εσωτερικής χρήσεως ξύλινων επιφανειών,Material,General,kg,5.28,5.28,5.28,5.28,1,EUR,0.53,0.1,1,1,Building works,Αναλυτικα Τιμολογια Εργων (ΓΓΔΕ),Building works,Building works - chapter 77,c741c9fe00a3
475,Βερνικόχρωμα εποξειδικών ρητινών δύο συστατικών,Material,General,kg,6.42,6.42,6.42,6.42,1,EUR,0.8,0.125,1,1,Building works,Αναλυτικα Τιμολογια Εργων (ΓΓΔΕ),Building works,Building works - chapter 77,6845c39cf3bd
474,Βερνικόχρωμα από συνθετικές ρητίνες (Ντούκο),Material,General,kg,3.88,3.88,3.88,3.88,1,EUR,0.49,0.125,1,1,Building works,Αναλυτικα Τιμολογια Εργων (ΓΓΔΕ),Building works,Building works - chapter 77,0121da0f5da1
465,Αντισκωριακό εποξειδικό δύο συστατικών,Material,General,kg,6.18,6.18,6.18,6.18,1,EUR,0.77,0.125,1,1,Building works,Αναλυτικα Τιμολογια Εργων (ΓΓΔΕ),Building works,Building works - chapter 77,69c52207b146
464,Αντισκωριακό ψευδαργύρου RUST PRIMER χρώματος καφέ,Material,Paint & Coatings,kg,3.63,3.63,3.63,3.63,1,EUR,0.45,0.125,1,1,Building works,Αναλυτικα Τιμολογια Εργων (ΓΓΔΕ),Building works,Building works - chapter 77,7e27d017ac03
7913,ΟΙΚ 7913,Abstract Material,General,,11.54,11.54,11.54,11.54,1,EUR,9.81,0.85,1,1,Building works,Αναλυτικα Τιμολογια Εργων (ΓΓΔΕ),Building works,Building works - chapter 79,d66a8ac50b78
7912,Μεμβράνη HDPE με αμφίπλευρες κωνικές ή σφαιρικές προεξοχές και επικολλημένο γεωύφασμα,Abstract Material,General,,11.82,11.82,11.82,11.82,1,EUR,10.05,0.85,1,1,Building works,Αναλυτικα Τιμολογια Εργων (ΓΓΔΕ),Building works,Building works - chapter 79,2eb455e875d9
7911,ΟΙΚ 7911,Abstract Material,General,,10.48,10.48,10.48,10.48,1,EUR,8.91,0.85,1,1,Building works,Αναλυτικα Τιμολογια Εργων (ΓΓΔΕ),Building works,Building works - chapter 79,f5cd0d74a556
509,Υαλοΰφασμα,Material,General,,0.41,0.41,0.41,0.41,1,EUR,0.45,1.1,1,1,Building works,Αναλυτικα Τιμολογια Εργων (ΓΓΔΕ),Building works,Building works - chapter 79,7ffaec0f09f4
507,"Ασφαλτόπανο εγχώριο βάρους 2,5",Material,General,,1.88,1.88,1.88,1.88,1,EUR,2.07,1.1,1,1,Building works,Αναλυτικα Τιμολογια Εργων (ΓΓΔΕ),Building works,Building works - chapter 79,506ab030dbbf
494,Ασφαλταλουμίνιο,Material,General,kg,5.48,5.48,5.48,5.48,1,EUR,5.75,1.05,1,1,Building works,Αναλυτικα Τιμολογια Εργων (ΓΓΔΕ),Building works,Building works - chapter 79,d7fe71da9c5d
528,"Στεγανωτικό υλικό επιφανειών με βάση τις εποξειδικές ρητίνες, εγχώριο",Material,General,kg,6.91,6.91,6.91,6.91,1,EUR,7.26,1.05,1,1,Building works,Αναλυτικα Τιμολογια Εργων (ΓΓΔΕ),Building works,Building works - chapter 79,3ba1a38e2404
527,"Στεγανωτικό υλικό επιφανειών με βάση τις σιλικόνες, εγχώριο",Material,General,kg,5.12,5.12,5.12,5.12,1,EUR,5.38,1.05,1,1,Building works,Αναλυτικα Τιμολογια Εργων (ΓΓΔΕ),Building works,Building works - chapter 79,e62a945ccd16
490,Ασφαλτικό υλικό,Material,General,kg,0.73,0.73,0.73,0.73,1,EUR,0.79,1.08,1,1,Building works,Αναλυτικα Τιμολογια Εργων (ΓΓΔΕ),Building works,Building works - chapter 79,a68c3cb4b04a
505,Προπετάσματα περσιδωτά (VENETIAN BLINDS) έτοιμα προς τοποθέτηση,Material,General,,19.17,19.17,19.17,19.17,1,EUR,19.17,1.0,1,1,Building works,Αναλυτικα Τιμολογια Εργων (ΓΓΔΕ),Building works,Building works - chapter 78,3aa0040d45d5
504,Ροζέττα γύψινη διαμέτρου ή μεγάλης πλευράς 50 cm,Material,General,τεμ,1.18,1.18,1.18,1.18,1,EUR,1.53,1.3,1,1,Building works,Αναλυτικα Τιμολογια Εργων (ΓΓΔΕ),Building works,Building works - chapter 78,8e72219d68ae
503,Ροζέττα γύψινη διαμέτρου ή μεγάλης πλευράς 40 cm,Material,General,τεμ,0.89,0.89,0.89,0.89,1,EUR,1.06,1.2,1,1,Building works,Αναλυτικα Τιμολογια Εργων (ΓΓΔΕ),Building works,Building works - chapter 78,f1776b18695e
502,Γυψοσανίδες πάχους 18 mm,Material,General,,3.78,3.78,3.78,3.78,1,EUR,4.54,1.2,1,1,Building works,Αναλυτικα Τιμολογια Εργων (ΓΓΔΕ),Building works,Building works - chapter 78,45613ab6cdf1
501,Γυψοσανίδες πάχους 12 mm,Material,General,m2,2.7,2.7,2.7,2.7,1,EUR,3.24,1.2,1,1,Building works,Αναλυτικα Τιμολογια Εργων (ΓΓΔΕ),Building works,Building works - chapter 78,7e9fed64e2e0
463,Αντισκωριακό χρωμικού ψευδαργύρου,Material,General,kg,4.09,4.09,4.09,4.09,1,EUR,0.51,0.125,1,1,Building works,Αναλυτικα Τιμολογια Εργων (ΓΓΔΕ),Building works,Building works - chapter 77,31cbbe58d464
462,Μίνιο θιξοτροπικό (Ντούκο),Material,General,kg,0.0,0.0,0.0,0.0,0,EUR,0.0,0.25,1,1,Building works,Αναλυτικα Τιμολογια Εργων (ΓΓΔΕ),Building works,Building works - chapter 77,86426e2702d9
471,Τσιμεντόχρωμα,Material,General,kg,3.96,3.96,3.96,3.96,1,EUR,1.19,0.3,1,1,Building works,Αναλυτικα Τιμολογια Εργων (ΓΓΔΕ),Building works,Building works - chapter 77,bd682a067617
430,"Υάλινη πλάκα δαπέδου διαστ. 30 χ 30 cm, πάχους 3 cm τεμ 7,48 ΧΡΩΜΑΤΑ - ΜΟΝΩΤΙΚΑ - ΔΙΑΦΟΡΑ",Material,General,,7.48,7.48,7.48,7.48,1,EUR,8.23,1.1,1,1,Building works,Αναλυτικα Τιμολογια Εργων (ΓΓΔΕ),Building works,Building works - chapter 76,051a6fbb2c17
429,"Υάλινη πλάκα δαπέδου διαστ. 25 χ 25 cm, πάχους 3 cm",Material,General,τεμ,5.39,5.39,5.39,5.39,1,EUR,5.93,1.1,1,1,Building works,Αναλυτικα Τιμολογια Εργων (ΓΓΔΕ),Building works,Building works - chapter 76,933421876569
428,"Υάλινη πλάκα δαπέδου διαστ. 20 χ 20 cm, πάχους 3 cm",Material,General,τεμ,4.39,4.39,4.39,4.39,1,EUR,4.83,1.1,1,1,Building works,Αναλυτικα Τιμολογια Εργων (ΓΓΔΕ),Building works,Building works - chapter 76,dcd5805c175d
426,"από 10 51 Γεωτρύπανο περιστροφικό με ικανότητα διατρήσεως βραχώδη εδάφη οπής διαμέτρου 146 mm σε βάθος 100 m, που περιλα",Equipment,General,ΗΜ,0.0,0.0,0.0,0.0,0,EUR,0.0,1.1,1,1,Building works,Αναλυτικα Τιμολογια Εργων (ΓΓΔΕ),Building works,Building works - chapter 76,f0fc9751cf89
512,Πλαστικός υμένας (νάυλον),Material,General,m2,0.44,0.44,0.44,0.44,1,EUR,0.44,1.0,1,1,Building works,Αναλυτικα Τιμολογια Εργων (ΓΓΔΕ),Building works,Building works - chapter 23,2919ca010c9e
2271Θ,ΟΙΚ 2271Θ,Abstract Material,General,,129.12,129.12,129.12,129.12,1,EUR,167.85,1.3,1,1,Building works,Αναλυτικα Τιμολογια Εργων (ΓΓΔΕ),Building works,Building works - chapter 22,28b5acd9180f
2271Δ,ΟΙΚ 2271Δ,Abstract Material,General,,79.46,79.46,79.46,79.46,1,EUR,103.29,1.3,1,1,Building works,Αναλυτικα Τιμολογια Εργων (ΓΓΔΕ),Building works,Building works - chapter 22,7df9a22e4aea
7463,"Επιστρώσεις δαπέδων με ισομεγέθεις πλάκες μαρμάρου, ορθογωνισμένες. Περιλαμβάνεται η προμήθεια και μεταφορά των πλακών σχιστού μαρμάρου επί τόπου, τα υλικά υλικά λειότριψης, στρώσεως και καθαρισμού - Επιστρώσεις με πλάκες μαρμάρου σκληρού έως εξαιρετικά σκληρού, πάχους 3 cm, σε αναλογία 11 έως 25 τεμάχια ανά τετραγωνικό μέτρο",Abstract Material,General,,259.9,259.9,259.9,259.9,1,EUR,259.9,1.0,1,1,Building works,Αναλυτικα Τιμολογια Εργων (ΓΓΔΕ),Building works,Building works - chapter 75,0c6624df05f1
2273Γ,ΟΙΚ 2273Γ,Abstract Material,General,,228.44,228.44,228.44,228.44,1,EUR,296.97,1.3,1,1,Building works,Αναλυτικα Τιμολογια Εργων (ΓΓΔΕ),Building works,Building works - chapter 22,483c17c554b3
2272Θ,ΟΙΚ 2272Θ,Abstract Material,General,,170.83,170.83,170.83,170.83,1,EUR,222.08,1.3,1,1,Building works,Αναλυτικα Τιμολογια Εργων (ΓΓΔΕ),Building works,Building works - chapter 22,50094700701f
2272Δ,ΟΙΚ 2272Δ,Abstract Material,General,,101.31,101.31,101.31,101.31,1,EUR,131.7,1.3,1,1,Building works,Αναλυτικα Τιμολογια Εργων (ΓΓΔΕ),Building works,Building works - chapter 22,e22ee7047e11
2272Γ,ΟΙΚ 2272Γ,Abstract Material,General,,87.4,87.4,87.4,87.4,1,EUR,113.62,1.3,1,1,Building works,Αναλυτικα Τιμολογια Εργων (ΓΓΔΕ),Building works,Building works - chapter 22,a8895148e90f
419,"Υαλοπίνακες οπλισμένοι πάχους 6,5 mm μήκους άνω του 1",Material,General,m,29.45,29.45,29.45,29.45,1,EUR,32.4,1.1,1,1,Building works,Αναλυτικα Τιμολογια Εργων (ΓΓΔΕ),Building works,Building works - chapter 76,edfea54f0922
418,"Υαλοπίνακες οπλισμένοι πάχους 6,5 mm και μήκους έως 1",Material,General,m,29.45,29.45,29.45,29.45,1,EUR,32.4,1.1,1,1,Building works,Αναλυτικα Τιμολογια Εργων (ΓΓΔΕ),Building works,Building works - chapter 76,d5b83ad04bce
500,Γωνίες γύψινες (λούκια) εξωτερικού αναπτύγματος διατομής 50 cm,Material,General,m,2.0,2.0,2.0,2.0,1,EUR,2.3,1.15,1,1,Building works,Αναλυτικα Τιμολογια Εργων (ΓΓΔΕ),Building works,Building works - chapter 78,890fd18679ef
499,Γωνίες γύψινες (λούκια) εξωτερικού αναπτύγματος διατομής 35 cm,Material,General,m,1.36,1.36,1.36,1.36,1,EUR,1.56,1.15,1,1,Building works,Αναλυτικα Τιμολογια Εργων (ΓΓΔΕ),Building works,Building works - chapter 78,e7aa34b5b3c0
535,Ηχοαπορροφητικές πλάκες πάχους 25 mm τύπου Heraklith,Material,General,,7.05,7.05,7.05,7.05,1,EUR,8.11,1.15,1,1,Building works,Αναλυτικα Τιμολογια Εργων (ΓΓΔΕ),Building works,Building works - chapter 79,5d16d2bf7991
531,"Ταχυπηκτικό υλικό μάζης, εγχώριο",Material,General,kg,1.18,1.18,1.18,1.18,1,EUR,1.22,1.03,1,1,Building works,Αναλυτικα Τιμολογια Εργων (ΓΓΔΕ),Building works,Building works - chapter 79,8cb03077e605
3211,"Προμήθεια, μεταφορά επί τόπου, διάστρωση και συμπύκνωση σκυροδέματος με χρήση αντλίας ή πυργογερανού Παραγωγή ή προμήθεια και μεταφορά επί τόπου του έργου σκυροδέματος οποιασδήποτε κατηγορίας ή ποιότητος, σύμφωνα με τις διατάξεις του Κανονισμού - Για κατασκευές από σκυρόδεμα κατηγορίας C8/10",Abstract Material,General,,127.95,127.95,127.95,127.95,1,EUR,2.56,0.02,1,1,Building works,Αναλυτικα Τιμολογια Εργων (ΓΓΔΕ),Building works,Building works - chapter 75,89ce35a9036c
7564,"Ορθομαρμαρώσεις από πλάκες μαρμάρου μήκους έως 2,00 m επί τοίχων κατακορύφων ή κεκλιμένων οιουδήποτε ύψους. Μάρμαρο σχιστό και υλικά λειοτρίψεως, επιστρώσεως (τσιμεντοκονίαμα και γυψοκονίαμα) και - Oρθομαρμαρώσεις από μάρμαρο σκληρό πάχους 3 cm",Abstract Material,General,,271.77,271.77,271.77,271.77,1,EUR,407.66,1.5,1,1,Building works,Αναλυτικα Τιμολογια Εργων (ΓΓΔΕ),Building works,Building works - chapter 75,f98aee991fdb
7563,"Ορθομαρμαρώσεις από πλάκες μαρμάρου μήκους έως 2,00 m επί τοίχων κατακορύφων ή κεκλιμένων οιουδήποτε ύψους. Μάρμαρο σχιστό και υλικά λειοτρίψεως, επιστρώσεως (τσιμεντοκονίαμα και γυψοκονίαμα) και - Oρθομαρμαρώσεις από μάρμαρο σκληρό πάχους 2 cm",Abstract Material,General,,208.04,208.04,208.04,208.04,1,EUR,312.07,1.5,1,1,Building works,Αναλυτικα Τιμολογια Εργων (ΓΓΔΕ),Building works,Building works - chapter 75,379433c8d0db
7562,"Ορθομαρμαρώσεις από πλάκες μαρμάρου μήκους έως 2,00 m επί τοίχων κατακορύφων ή κεκλιμένων οιουδήποτε ύψους. Μάρμαρο σχιστό και υλικά λειοτρίψεως, επιστρώσεως (τσιμεντοκονίαμα και γυψοκονίαμα) και - Oρθομαρμαρώσεις από μάρμαρο μαλακό πάχους 3 cm",Abstract Material,General,,251.87,251.87,251.87,251.87,1,EUR,377.81,1.5,1,1,Building works,Αναλυτικα Τιμολογια Εργων (ΓΓΔΕ),Building works,Building works - chapter 75,1b573473b17e
7561,"Ορθομαρμαρώσεις από πλάκες μαρμάρου μήκους έως 2,00 m επί τοίχων κατακορύφων ή κεκλιμένων οιουδήποτε ύψους. Μάρμαρο σχιστό και υλικά λειοτρίψεως, επιστρώσεως (τσιμεντοκονίαμα και γυψοκονίαμα) και - Oρθομαρμαρώσεις από μάρμαρο μαλακό πάχους 2 cm",Abstract Material,General,,196.1,196.1,196.1,196.1,1,EUR,294.16,1.5,1,1,Building works,Αναλυτικα Τιμολογια Εργων (ΓΓΔΕ),Building works,Building works - chapter 75,66c75c1616b3
338,"Μάρμαρο σχιστό πάχους 5 cm ορθογωνισμένο, μήκους άνω των 1,50 m και προελεύσεως Πεντέλης (λευκό)",Material,General,m2,0.0,0.0,0.0,0.0,0,EUR,0.0,0.35,1,1,Building works,Αναλυτικα Τιμολογια Εργων (ΓΓΔΕ),Building works,Building works - chapter 75,9e6a3b015dbd
530,"Πλαστικοποιητικό υλικό μάζης, εγχώριο",Material,General,kg,2.19,2.19,2.19,2.19,1,EUR,2.26,1.03,1,1,Building works,Αναλυτικα Τιμολογια Εργων (ΓΓΔΕ),Building works,Building works - chapter 79,715919b25110
529,"Στεγανωτικό υλικό μάζης, εγχώριο",Material,General,kg,1.4,1.4,1.4,1.4,1,EUR,1.44,1.03,1,1,Building works,Αναλυτικα Τιμολογια Εργων (ΓΓΔΕ),Building works,Building works - chapter 79,e4c931afafca
2611,Χάλυβας οπλισμού σκυροδέματος B500A,Abstract Material,General,,1.28,1.28,1.28,1.28,1,EUR,1.28,1.0,1,1,Road works,Αναλυτικα Τιμολογια Εργων (ΓΓΔΕ),Road works,Road works - chapter 27,171a373466f8
2551,"Κατασκευή τμήματος βάθρων σε στάθμη άνω των 10,0 m από το έδαφος και των αντιστοίχων θωρακίων, προσκεφαλαίων, δοκών έδρασης, κεφαλοδέσμων κλπ, από οπλισμένο σκυρόδεμα C30/37",Abstract Material,General,,162.43,162.43,162.43,162.43,1,EUR,162.43,1.0,1,1,Road works,Αναλυτικα Τιμολογια Εργων (ΓΓΔΕ),Road works,Road works - chapter 27,16b4fef6e0bc
2350,ΟΔΟ 2350,Abstract Material,General,,9.59,9.59,9.59,9.59,1,EUR,9.59,1.0,1,1,Road works,Αναλυτικα Τιμολογια Εργων (ΓΓΔΕ),Road works,Road works - chapter 24,69122cdf4ad0
329,"Ασφαλτόκολλα kg 0,66 ΛΟΙΠΑ ΥΛΙΚΑ",Material,General,,0.73,0.73,0.73,0.73,1,EUR,1.46,2.0,1,1,Road works,Αναλυτικα Τιμολογια Εργων (ΓΓΔΕ),Road works,Road works - chapter 24,49f36461793e
1441,ΟΙΚ 1441,Abstract Material,General,,27.11,27.11,27.11,27.11,1,EUR,0.08,0.003,1,1,Building works,Αναλυτικα Τιμολογια Εργων (ΓΓΔΕ),Building works,Building works - chapter 73,a284956eb111
175,από 10 8 ΔΙΑΤΡΗΤΙΚΑ ΦΟΡΕΙΑ (WAGON DRILL) 8.1 τ. ATLAS COPCO ROC D7 146 HP 8.2 τ. PCR 200A FURUCAWA 200 HP 8.3 τ. ATLAS C,Equipment,General,ΗΜ,0.0,0.0,0.0,0.0,0,EUR,0.0,95.0,1,1,Building works,Αναλυτικα Τιμολογια Εργων (ΓΓΔΕ),Building works,Building works - chapter 73,c6abf04349a8
7453,"Επιστρώσεις δαπέδων με ισομεγέθεις πλάκες μαρμάρου, ορθογωνισμένες. Περιλαμβάνεται η προμήθεια και μεταφορά των πλακών σχιστού μαρμάρου επί τόπου, τα υλικά υλικά λειότριψης, στρώσεως και καθαρισμού - Επιστρώσεις με πλάκες μαλακού μαρμάρου, πάχους 3 cm, σε αναλογία 11 έως 25 τεμάχια ανά τετραγωνικό μέτρο",Abstract Material,General,,240.8,240.8,240.8,240.8,1,EUR,240.8,1.0,1,1,Building works,Αναλυτικα Τιμολογια Εργων (ΓΓΔΕ),Building works,Building works - chapter 75,c7c2ff40cfb1
7443,"Επιστρώσεις δαπέδων με ισομεγέθεις πλάκες μαρμάρου, ορθογωνισμένες. Περιλαμβάνεται η προμήθεια και μεταφορά των πλακών σχιστού μαρμάρου επί τόπου, τα υλικά υλικά λειότριψης, στρώσεως και καθαρισμού - Επιστρώσεις με πλάκες μαρμάρου σκληρού έως εξαιρετικά σκληρού, πάχους 2 cm, σε αναλογία 11 έως 25 τεμάχια ανά τετραγωνικό μέτρο",Abstract Material,General,,202.59,202.59,202.59,202.59,1,EUR,202.59,1.0,1,1,Building works,Αναλυτικα Τιμολογια Εργων (ΓΓΔΕ),Building works,Building works - chapter 75,1037cc906f0a
7433,"Επιστρώσεις δαπέδων με ισομεγέθεις πλάκες μαρμάρου, ορθογωνισμένες. Περιλαμβάνεται η προμήθεια και μεταφορά των πλακών σχιστού μαρμάρου επί τόπου, τα υλικά υλικά λειότριψης, στρώσεως και καθαρισμού - Επιστρώσεις με πλάκες μαλακού μαρμάρου, πάχους 2 cm, σε αναλογία 11 έως 25 τεμάχια ανά τετραγωνικό μέτρο",Abstract Material,General,,190.94,190.94,190.94,190.94,1,EUR,190.94,1.0,1,1,Building works,Αναλυτικα Τιμολογια Εργων (ΓΓΔΕ),Building works,Building works - chapter 75,dc20de9d9307
526,Πλαστική γωνία προστασίας ακμών βαθμίδων,Material,General,m,1.4,1.4,1.4,1.4,1,EUR,1.54,1.1,1,1,Building works,Αναλυτικα Τιμολογια Εργων (ΓΓΔΕ),Building works,Building works - chapter 73,fe7e96a542d4
525,Τάπης από συνθετικές ίνες (ΜΟΚΕΤ),Material,General,m2,7.84,7.84,7.84,7.84,1,EUR,8.39,1.07,1,1,Building works,Αναλυτικα Τιμολογια Εργων (ΓΓΔΕ),Building works,Building works - chapter 73,683bc53a4f26
524,"Πλαστικές πλάκες πολυβινιλίου οποιωνδήποτε διαστάσεων, πάχους 2 mm, m2 εγχώριος",Material,General,,7.5,7.5,7.5,7.5,1,EUR,8.62,1.15,1,1,Building works,Αναλυτικα Τιμολογια Εργων (ΓΓΔΕ),Building works,Building works - chapter 73,f1ef8a6755f4
523,"Πλαστικός τάπης πολυβινιλίου σε ρόλους, πάχους 2 mm, εγχώριος",Material,General,,7.5,7.5,7.5,7.5,1,EUR,9.0,1.2,1,1,Building works,Αναλυτικα Τιμολογια Εργων (ΓΓΔΕ),Building works,Building works - chapter 73,06390c7820d7
447,Στιλβωτικό για μωσαϊκά,Material,General,kg,4.53,4.53,4.53,4.53,1,EUR,0.23,0.05,1,1,Building works,Αναλυτικα Τιμολογια Εργων (ΓΓΔΕ),Building works,Building works - chapter 73,273b01a8b8aa
456,Μεταλλικό χρώμα για μωσαϊκά,Material,General,kg,1.66,1.66,1.66,1.66,1,EUR,0.17,0.1,1,1,Building works,Αναλυτικα Τιμολογια Εργων (ΓΓΔΕ),Building works,Building works - chapter 73,af1847cfc855
355,Σμυριδόπανο τεμ 0.1183,Material,General,,0.12,0.12,0.12,0.12,1,EUR,0.03,0.25,1,1,Road works,Αναλυτικα Τιμολογια Εργων (ΓΓΔΕ),Road works,Road works - chapter 66,658b2eef2746
353,Ελαιόχρωμα μίνιο έτοιμο (RUST PRIMER),Material,Paint & Coatings,kg,3.63,3.63,3.63,3.63,1,EUR,0.58,0.16,1,1,Road works,Αναλυτικα Τιμολογια Εργων (ΓΓΔΕ),Road works,Road works - chapter 66,b918956c785f
234,Σίδηρος σε λάμες και τετράγωνα,Material,General,kg,0.87,0.87,0.87,0.87,1,EUR,41.79,48.0,1,1,Road works,Αναλυτικα Τιμολογια Εργων (ΓΓΔΕ),Road works,Road works - chapter 52,da316eb741db
325,Αντιυδρόφιλα υλικά,Material,General,kg,2.78,2.78,2.78,2.78,1,EUR,2.78,1.0,1,1,Road works,Αναλυτικα Τιμολογια Εργων (ΓΓΔΕ),Road works,Road works - chapter 48,c240166e1e22
4120,ΑΣΦΑΛΤΙΚΗ ΣΥΓΚΟΛΛΗΤΙΚΗ ΕΠΑΛΕΙΨΗ,Abstract Material,General,,0.51,0.51,0.51,0.51,1,EUR,0.51,1.0,1,1,Road works,Αναλυτικα Τιμολογια Εργων (ΓΓΔΕ),Road works,Road works - chapter 46,4eb4ce0857fb
4120.1,ΑΣΦΑΛΤΙΚΗ ΣΥΓΚΟΛΛΗΤΙΚΗ ΕΠΑΛΕΙΨΗ,Abstract Material,General,,0.23,0.23,0.23,0.23,1,EUR,0.23,1.0,1,1,Road works,Αναλυτικα Τιμολογια Εργων (ΓΓΔΕ),Road works,Road works - chapter 46,47aa8fe80c39
1467,ΟΙΚ 1467,Abstract Material,General,,88.19,88.19,88.19,88.19,1,EUR,1.32,0.015,1,1,Building works,Αναλυτικα Τιμολογια Εργων (ΓΓΔΕ),Building works,Building works - chapter 71,7208d71f9210
173,Πλακίδια πορσελάνης λευκά 15 χ 15 cm,Material,General,τεμ,0.26,0.26,0.26,0.26,1,EUR,12.29,48.0,1,1,Building works,Αναλυτικα Τιμολογια Εργων (ΓΓΔΕ),Building works,Building works - chapter 73,7441719fb66f
166,"Περιθώρια πλακών τσιμέντου μονόχρωμων ή μωσαϊκών μήκους 20 cm, ύψους 6,5 έως 10 cm και πάχους 2 cm",Material,General,m,0.0,0.0,0.0,0.0,0,EUR,0.0,1.05,1,1,Building works,Αναλυτικα Τιμολογια Εργων (ΓΓΔΕ),Building works,Building works - chapter 73,b3391d40a477
163,"Πλάκες τσιμέντου πάχους 2 έως 3 cm τετραγωνικές, πλευράς 21 έως 30 cm",Material,General,,6.22,6.22,6.22,6.22,1,EUR,6.53,1.05,1,1,Building works,Αναλυτικα Τιμολογια Εργων (ΓΓΔΕ),Building works,Building works - chapter 73,bf3b16e26f6a
161,"Πλάκες τσιμέντου πάχους 5 cm τετραγωνικές, πλευράς άνω των 30 cm, ημίλευκες Α' κατηγορίας",Material,General,m2,6.04,6.04,6.04,6.04,1,EUR,6.34,1.05,1,1,Building works,Αναλυτικα Τιμολογια Εργων (ΓΓΔΕ),Building works,Building works - chapter 73,9f53c418400d
155,Περιθώρια (σοβατεπιά) τεχνητών μαρμαροπλακών πλάτους 7 cm και πάχους 2 cm στιλβωμένα,Material,General,m,2.23,2.23,2.23,2.23,1,EUR,2.35,1.05,1,1,Building works,Αναλυτικα Τιμολογια Εργων (ΓΓΔΕ),Building works,Building works - chapter 73,72fc51dc625d
181,Πλάκες αμιαντοτσιμέντου κυματοειδείς (Εθν. Ελλην. Προτύπου NHS 8/1971 ΦΕΚ m2 Β 147/1971) πάχους 6 mm και ύψους 51 mm — ΞΥΛΕΙΑ,Material,General,,0.0,0.0,0.0,0.0,0,EUR,0.0,1.2,1,1,Building works,Αναλυτικα Τιμολογια Εργων (ΓΓΔΕ),Building works,Building works - chapter 72,c9b858c84571
146,"Κέραμος γαλλικού τύπου διαστ. 40,5 χ 24,5 cm",Material,General,τεμ,0.41,0.41,0.41,0.41,1,EUR,6.22,15.0,1,1,Building works,Αναλυτικα Τιμολογια Εργων (ΓΓΔΕ),Building works,Building works - chapter 72,fc00d99a20db
1464,ΟΙΚ 1464,Abstract Material,General,,57.17,57.17,57.17,57.17,1,EUR,0.86,0.015,1,1,Building works,Αναλυτικα Τιμολογια Εργων (ΓΓΔΕ),Building works,Building works - chapter 71,91cae3800d00
1463,ΟΙΚ 1463,Abstract Material,General,,77.18,77.18,77.18,77.18,1,EUR,1.16,0.015,1,1,Building works,Αναλυτικα Τιμολογια Εργων (ΓΓΔΕ),Building works,Building works - chapter 71,230364de7ce0
263,"Σιμεντοσωλήνες διαμέτρου 0,40 m άοπλοι M",Material,General,,32.4,32.4,32.4,32.4,1,EUR,32.4,1.0,1,1,Road works,Αναλυτικα Τιμολογια Εργων (ΓΓΔΕ),Road works,Road works - chapter 28,0cc8be608779
466,Ηλεκτροκίνητος αεροσυμπιεστής 600 ft3/min τύπου ATLAS DT.4 με 1/2 αεροφυλάκιο ή παρεμφερής,Equipment,General,ΗΜ,47.86,47.86,47.86,47.86,1,EUR,47.86,1.0,1,1,Hydraulic works,Αναλυτικα Τιμολογια Εργων (ΓΓΔΕ),Hydraulic works,Hydraulic works - chapter 56,220d50f7e923
464,"Συγκρότημα παραγωγής αδρανών υλικών ημερησίας m3 αποδόσεως 800 με τα κόσκινα, μεταφορικούς ιμάντες, πλυντήριο, θραυστήρα",Equipment,General,ΗΜ,383.57,383.57,383.57,383.57,1,EUR,383.57,1.0,1,1,Hydraulic works,Αναλυτικα Τιμολογια Εργων (ΓΓΔΕ),Hydraulic works,Hydraulic works - chapter 56,75d24f9f1ce2
463,"Οδοστρωτήρας δονητικός ελκόμενος βάρους 5,7t",Equipment,General,ΗΜ,43.8,43.8,43.8,43.8,1,EUR,43.8,1.0,1,1,Hydraulic works,Αναλυτικα Τιμολογια Εργων (ΓΓΔΕ),Hydraulic works,Hydraulic works - chapter 56,a171b2f32c79
462,Αυτοκίνητο ανατρεπόμενο ωφελίμου φορτίου 17t,Equipment,General,ΗΜ,348.52,348.52,348.52,348.52,1,EUR,348.52,1.0,1,1,Hydraulic works,Αναλυτικα Τιμολογια Εργων (ΓΓΔΕ),Hydraulic works,Hydraulic works - chapter 56,28a327ab4fcd
461,Αυτοκίνητο ανατρεπόμενο ωφελίμου φορτίου 17t,Equipment,General,ΗΜ,239.03,239.03,239.03,239.03,1,EUR,239.03,1.0,1,1,Hydraulic works,Αναλυτικα Τιμολογια Εργων (ΓΓΔΕ),Hydraulic works,Hydraulic works - chapter 56,a9d4eda4bd32
460,"Εκσκαφέας 4,5 yd3",Equipment,General,ΗΜ,521.89,521.89,521.89,521.89,1,EUR,521.89,1.0,1,1,Hydraulic works,Αναλυτικα Τιμολογια Εργων (ΓΓΔΕ),Hydraulic works,Hydraulic works - chapter 55,30c7db11c196
459,Εκσκαφέας 3,Equipment,General,ΗΜ,422.05,422.05,422.05,422.05,1,EUR,422.05,1.0,1,1,Hydraulic works,Αναλυτικα Τιμολογια Εργων (ΓΓΔΕ),Hydraulic works,Hydraulic works - chapter 55,c9dffaeebe5f
454,Ψεκαστικό μηχάνημα (βυτιοφόρο 6 t με σύστημα ψεκασμού,Equipment,General,ΗΜ,97.29,97.29,97.29,97.29,1,EUR,97.29,1.0,1,1,Hydraulic works,Αναλυτικα Τιμολογια Εργων (ΓΓΔΕ),Hydraulic works,Hydraulic works - chapter 55,23b10ad94658
452,Χειροκίνητη φρέζα με έναν ειδικευμένο εργάτη,Equipment,General,ΗΜ,103.06,103.06,103.06,103.06,1,EUR,103.06,1.0,1,1,Hydraulic works,Αναλυτικα Τιμολογια Εργων (ΓΓΔΕ),Hydraulic works,Hydraulic works - chapter 55,5df81b43ee39
451,Κοχλιωτή συσκευή διανοίξεως λάκκων με δύο ειδικευμένους εργάτες,Equipment,General,ΗΜ,4.87,4.87,4.87,4.87,1,EUR,19.48,4.0,1,1,Hydraulic works,Αναλυτικα Τιμολογια Εργων (ΓΓΔΕ),Hydraulic works,Hydraulic works - chapter 55,e4154ac7fbb1
2117,"σε εδάφη βραχώδη, εκτός από γρανιτικά-κροκαλοπαγή χωρίς χρήση εκρηκτικών υλών",Abstract Material,General,,67.61,67.61,67.61,67.61,1,EUR,87.89,1.3,1,1,Building works,Αναλυτικα Τιμολογια Εργων (ΓΓΔΕ),Building works,Building works - chapter 21,4560118ecd7b
2115,"σε εδάφη βραχώδη, εκτός από γρανιτικά-κροκαλοπαγή με δυνατότητα χρήσης εκρηκτικών υλών",Abstract Material,General,,40.56,40.56,40.56,40.56,1,EUR,52.72,1.3,1,1,Building works,Αναλυτικα Τιμολογια Εργων (ΓΓΔΕ),Building works,Building works - chapter 21,3899f795cfdd
480,"από 10 51 Γεωτρύπανο περιστροφικό με ικανότητα διατρήσεως βραχώδη εδάφη οπής διαμέτρου 146 mm σε βάθος 100 m, που περιλα",Equipment,General,ΗΜ,27.22,27.22,27.22,27.22,1,EUR,27.22,1.0,1,1,Hydraulic works,Αναλυτικα Τιμολογια Εργων (ΓΓΔΕ),Hydraulic works,Hydraulic works - chapter 57,c56647eecc2e
479,"από 10 51 Γεωτρύπανο περιστροφικό με ικανότητα διατρήσεως βραχώδη εδάφη οπής διαμέτρου 146 mm σε βάθος 100 m, που περιλα",Equipment,General,ΗΜ,185.2,185.2,185.2,185.2,1,EUR,185.2,1.0,1,1,Hydraulic works,Αναλυτικα Τιμολογια Εργων (ΓΓΔΕ),Hydraulic works,Hydraulic works - chapter 57,34317480403d
471,"Γεωτρύπανο περιστροφικό αεροκίνητο τύπου GRAELIUS Χ 4 ή παρεμφερές με αντλία, στελέχη κλπ.",Equipment,General,ΗΜ,61.0,61.0,61.0,61.0,1,EUR,61.0,1.0,1,1,Hydraulic works,Αναλυτικα Τιμολογια Εργων (ΓΓΔΕ),Hydraulic works,Hydraulic works - chapter 57,e3f5cd83fd51
1466,ΟΙΚ 1466,Abstract Material,General,,93.88,93.88,93.88,93.88,1,EUR,1.41,0.015,1,1,Building works,Αναλυτικα Τιμολογια Εργων (ΓΓΔΕ),Building works,Building works - chapter 71,ad9d59679bc2
1465,ΟΙΚ 1465,Abstract Material,General,,96.32,96.32,96.32,96.32,1,EUR,1.44,0.015,1,1,Building works,Αναλυτικα Τιμολογια Εργων (ΓΓΔΕ),Building works,Building works - chapter 71,f4668e167b3c
1462,ΟΙΚ 1462,Abstract Material,General,,89.86,89.86,89.86,89.86,1,EUR,1.35,0.015,1,1,Building works,Αναλυτικα Τιμολογια Εργων (ΓΓΔΕ),Building works,Building works - chapter 71,cf807793b7c9
288,Συρματόπλεγμα ρομβοειδούς οπής,Material,General,m2,2.06,2.06,2.06,2.06,1,EUR,2.16,1.05,1,1,Building works,Αναλυτικα Τιμολογια Εργων (ΓΓΔΕ),Building works,Building works - chapter 64,14a3872ed078
286,Συρματόπλεγμα τετραγωνικής οπής,Material,General,,1.9,1.9,1.9,1.9,1,EUR,1.99,1.05,1,1,Building works,Αναλυτικα Τιμολογια Εργων (ΓΓΔΕ),Building works,Building works - chapter 64,93e16608a65e
285,"Σύρμα ακανθωτό γαλβανισμένο πάχους 1,6 mm",Material,General,m,0.09,0.09,0.09,0.09,1,EUR,0.09,1.1,1,1,Building works,Αναλυτικα Τιμολογια Εργων (ΓΓΔΕ),Building works,Building works - chapter 64,ff1ba9f9d650
3833,ΟΙΚ 3833,Abstract Material,General,,150.59,150.59,150.59,150.59,1,EUR,30.12,0.2,1,1,Building works,Αναλυτικα Τιμολογια Εργων (ΓΓΔΕ),Building works,Building works - chapter 38,47a997244c54
3831,ΟΙΚ 3831,Abstract Material,General,,119.74,119.74,119.74,119.74,1,EUR,17.96,0.15,1,1,Building works,Αναλυτικα Τιμολογια Εργων (ΓΓΔΕ),Building works,Building works - chapter 38,9e21a29c376f
3823,Καμπύλοι ξυλότυποι διπλής καμπυλότητας,Abstract Material,General,,82.0,82.0,82.0,82.0,1,EUR,16.4,0.2,1,1,Building works,Αναλυτικα Τιμολογια Εργων (ΓΓΔΕ),Building works,Building works - chapter 38,b087876a2783
3821,Καμπύλοι ξυλότυποι απλής καμπυλότητας,Abstract Material,General,,66.7,66.7,66.7,66.7,1,EUR,10.0,0.15,1,1,Building works,Αναλυτικα Τιμολογια Εργων (ΓΓΔΕ),Building works,Building works - chapter 38,5d77b78a0e0f
3816,Διαμόρφωση εγκοπών και εσοχών σε επιφάνειας από σκυρόδεμα,Abstract Material,General,,19.83,19.83,19.83,19.83,1,EUR,2.97,0.15,1,1,Building works,Αναλυτικα Τιμολογια Εργων (ΓΓΔΕ),Building works,Building works - chapter 38,7e0e322f4a5e
3801,Ξυλότυποι χυτών τοίχων,Abstract Material,General,,17.5,17.5,17.5,17.5,1,EUR,0.87,0.05,1,1,Building works,Αναλυτικα Τιμολογια Εργων (ΓΓΔΕ),Building works,Building works - chapter 38,d4341d14d92e
1478,ΟΙΚ 1478,Abstract Material,General,,3.55,3.55,3.55,3.55,1,EUR,3.55,1.0,1,1,Building works,Αναλυτικα Τιμολογια Εργων (ΓΓΔΕ),Building works,Building works - chapter 54,26950dc740cb
279,"Δικτυωτό έλασμα (μετάλ ντεπλουαγέ) οπής δακτύλου χειρός, για οροφές",Material,General,,4.26,4.26,4.26,4.26,1,EUR,4.6,1.08,1,1,Building works,Αναλυτικα Τιμολογια Εργων (ΓΓΔΕ),Building works,Building works - chapter 64,04497521d95d
278,Δικτυωτό έλασμα (μετάλ ντεπλουαγέ) οπής 10 χ 4 cm και πάχους 3 mm,Material,General,,4.12,4.12,4.12,4.12,1,EUR,4.53,1.1,1,1,Building works,Αναλυτικα Τιμολογια Εργων (ΓΓΔΕ),Building works,Building works - chapter 64,25ed34cba863
276,Χαλυβολαμαρίνα ρολών,Material,General,kg,0.77,0.77,0.77,0.77,1,EUR,4.48,5.85,1,1,Building works,Αναλυτικα Τιμολογια Εργων (ΓΓΔΕ),Building works,Building works - chapter 62,b07159449912
390,Ταινία συρμάτινη προστριβής σιδηρού ρολλού,Material,General,m,1.5,1.5,1.5,1.5,1,EUR,3.15,2.1,1,1,Building works,Αναλυτικα Τιμολογια Εργων (ΓΓΔΕ),Building works,Building works - chapter 62,2c3e9e87f39d
396.1,"Στεγανωτικό μάζας kg 1,40 .2 Υλικό μειώσεως του λόγου νερό προς τσιμέντο kg 0,77 .3 Υλικό αποτροπής διαχωρισμού των λίθινων συστατικών κατά τη διάστρωση kg 1,68 .4 Υλικό σκληρυντικό kg 0,98 .5 Υλικό επιταχύνσεως πήξεως kg 1,18 .6 Υλικό κατά του παγετού kg 1,58 .7 Υλικό επιφανειακής προστασίας σκυροδέματος από αφυδάτωση κατά την πήξη kg 3,80 .8 Υλικό επιφανειακής στεγανώσεως σκυροδέματος με βάση τις σιλικόνες (σε υγρή κατάσταση) kg 5,12 .9 Υλικό επιφανειακής στεγανώσεως σκυροδέματος με βάση τις εποξειδικές ρητίνες (σε υγρή κατάσταση) kg 6,91 .10 Ελαστομερές υλικό στεγανώσεως αρμού kg 6,94 .11 Ταινία στεγανώσεως αρμού τύπου HYDROFOIL ή παρεμφερούς πλάτους ταινίας 150 mm m 2,56 .12 Ταινία στεγανώσεως αρμού τύπου HYDROFOIL ή παρεμφερούς πλάτους ταινίας 250 mm m 3,68 .13 Ασφαλτικό υλικό τύπου ASBESTUMEN ή παρεμφερές kg 1,77 .14 Διογκωμένη πολυστερίνη",Material,General,m3,1.4,1.4,1.4,1.4,1,EUR,1.4,1.0,1,1,Hydraulic works,Αναλυτικα Τιμολογια Εργων (ΓΓΔΕ),Hydraulic works,Hydraulic works - chapter 63,a97879f44be3
6302,Καλούπια επιφανειών διπλής καμπυλότητας ή στρεβλών επιφανειών,Abstract Material,General,,29.76,29.76,29.76,29.76,1,EUR,19.84,0.6667,1,1,Hydraulic works,Αναλυτικα Τιμολογια Εργων (ΓΓΔΕ),Hydraulic works,Hydraulic works - chapter 63,4b1b2c054b08
1505,ΟΙΚ 1505,Abstract Material,General,,253.53,253.53,253.53,253.53,1,EUR,0.84,0.0033,1,1,Building works,Αναλυτικα Τιμολογια Εργων (ΓΓΔΕ),Building works,Building works - chapter 21,f824c5538d3d
2145,"σε εδάφη βραχώδη πάσης φύσεως, χωρίς χρήση εκρηκτικών υλών",Abstract Material,General,,142.5,142.5,142.5,142.5,1,EUR,185.25,1.3,1,1,Building works,Αναλυτικα Τιμολογια Εργων (ΓΓΔΕ),Building works,Building works - chapter 21,c8ce9c745479
2143,"σε εδάφη βραχώδη, εκτός από γρανιτικά-κροκαλοπαγή, με δυνατότητα χρήσης εκρηκτικών υλών",Abstract Material,General,,104.31,104.31,104.31,104.31,1,EUR,135.6,1.3,1,1,Building works,Αναλυτικα Τιμολογια Εργων (ΓΓΔΕ),Building works,Building works - chapter 21,bfe0719f21c9
2128,"σε εδάφη γρανιτικά-κροκαλοπαγή, χωρίς χρήση εκρηκτικών υλών",Abstract Material,General,,121.53,121.53,121.53,121.53,1,EUR,157.99,1.3,1,1,Building works,Αναλυτικα Τιμολογια Εργων (ΓΓΔΕ),Building works,Building works - chapter 21,925f2fca0580
2122,σε εδάφη γαιώδη-ημιβραχώδη,Abstract Material,General,,43.65,43.65,43.65,43.65,1,EUR,56.74,1.3,1,1,Building works,Αναλυτικα Τιμολογια Εργων (ΓΓΔΕ),Building works,Building works - chapter 21,51de0675b420
2121,ΟΙΚ 2121,Abstract Material,General,,36.44,36.44,36.44,36.44,1,EUR,47.38,1.3,1,1,Building works,Αναλυτικα Τιμολογια Εργων (ΓΓΔΕ),Building works,Building works - chapter 21,822e257a4359
2125,"σε εδάφη βραχώδη, εκτός από γρανιτικά-κροκαλοπαγή",Abstract Material,General,,57.91,57.91,57.91,57.91,1,EUR,75.28,1.3,1,1,Building works,Αναλυτικα Τιμολογια Εργων (ΓΓΔΕ),Building works,Building works - chapter 21,ebc34b4ab1a6
352,Στροφεύς γαλλικός No 14,Material,General,τεμ,1.13,1.13,1.13,1.13,1,EUR,3.4,3.0,1,1,Building works,Αναλυτικα Τιμολογια Εργων (ΓΓΔΕ),Building works,Building works - chapter 14,bb6132b5a9cb
373,Κοχλιωτοί ήλοι (ξυλόβιδες) 20/35 σε κουτιά των 144 τεμ.,Material,General,τεμ,2.74,2.74,2.74,2.74,1,EUR,0.55,0.2,1,1,Building works,Αναλυτικα Τιμολογια Εργων (ΓΓΔΕ),Building works,Building works - chapter 14,a06983ee8220
375,Ένσφαιρος τριβέας (ρουλεμάν) άξονα ξύλινου ρολού,Material,General,τεμ,3.47,3.47,3.47,3.47,1,EUR,6.94,2.0,1,1,Building works,Αναλυτικα Τιμολογια Εργων (ΓΓΔΕ),Building works,Building works - chapter 14,468f8623884b
371.1,"110 5,49 371.4 200 17,58 371.7 315 44,99 .2 140 8,70 .5 225 22,25 .8 355 57,17 .3 160 11,30 .6 280 34,96 .9 400",Material,General,,4.83,4.83,4.83,4.83,1,EUR,4.93,1.02,1,1,Hydraulic works,Αναλυτικα Τιμολογια Εργων (ΓΓΔΕ),Hydraulic works,Hydraulic works - chapter 66,91356bcd25cd
361.1,"100 11,48 361.4 175 —- 361.7 300 73,90 361.10 450 — 361.13 700 — .2 125 15,30 .5 200 35,56 .8 350 — .11 500 — .14 800 — .3 150 19,28 .6 250 49,22 .9 400 — .12 600 — — ΥΔΡ 362. ΑΜΙΑΝΤΟΤΣΙΜΕΝΤΟΣΩΛΗΝΕΣ ονομαστικής πιέσεως",Material,General,,13.52,13.52,13.52,13.52,1,EUR,13.52,1.0,1,1,Hydraulic works,Αναλυτικα Τιμολογια Εργων (ΓΓΔΕ),Hydraulic works,Hydraulic works - chapter 66,691798c174a3
360.1,για αμιαντοτσιμεντοσωλήνες kg .2 για σωλήνες από PVC,Material,General,kg,0.0,0.0,0.0,0.0,0,EUR,0.0,1.0,1,1,Hydraulic works,Αναλυτικα Τιμολογια Εργων (ΓΓΔΕ),Hydraulic works,Hydraulic works - chapter 66,a1868c30140b
367.1,100 — 367.15 100 — 367.29 100 — 367.43 100 — .2 125 — .16 125 — .30 125 — .44 125 — .3 150 — .17 150 — .31 150 — .45 150 — .4 175 — .18 175 — .32 175 — .46 175 — .5 200 — .19 200 — .33 200 — .47 200 — .6 250 — .20 250 — .34 250 — .48 250 — .7 300 — .21 300 — .35 300 — .49 300 — .8 350 — .22 350 — .36 350 — .50 350 — .9 400 — .23 400 — .37 400 — .51 400 — .10 450 — .24 450 — .38 450 — .52 450 — .11 500 — .25 500 — .39 500 — .53 500 — .12 600 — .26 600 — .40 600 — .54 600 — .13 700 — .27 700 — .41 700 — .55 700 — .14 800 — .28 800 — .42 800 — .56 800 — ΥΔΡ 368. ΑΜΙΑΝΤΟΤΣΙΜΕΝΤΟΣΩΛΗΝΕΣ ΥΠΟΝΟΜΩΝ της σειράς,Material,General,,0.0,0.0,0.0,0.0,0,EUR,0.0,0.224,1,1,Hydraulic works,Αναλυτικα Τιμολογια Εργων (ΓΓΔΕ),Hydraulic works,Hydraulic works - chapter 66,3b1d0d16e9aa
366.1,100 — 366.8 350 — 366.15 100 — 366.22 350 — .2 125 — .9 400 — .16 125 — .23 400 — .3 150 — .10 450 — .17 150 — .24 450 — .4 175 — .11 500 — .18 175 — .25 500 — .5 200 — .12 600 — .19 200 — .26 600 — .6 250 — .13 700 — .20 250 — .27 700 — .7 300 — .14 800 — .21 300 — .28 800,Material,General,,0.0,0.0,0.0,0.0,0,EUR,0.0,1.02,1,1,Hydraulic works,Αναλυτικα Τιμολογια Εργων (ΓΓΔΕ),Hydraulic works,Hydraulic works - chapter 66,0503a5332782
365.1,"100 — 365.8 350 — 365.15 100 — 365.22 350 — .2 125 — .9 400 — .16 125 — .23 400 — .3 150 — .10 450 — .17 150 — .24 450 — .4 175 — .11 500 — .18 175 — .25 500 — .5 200 — .12 600 — .19 200 — .26 600 — .6 250 — .13 700 — .20 250 — .27 700 — .7 300 — .14 800 — .21 300 — .28 800 — ΥΔΡ 366. ΑΜΙΑΝΤΟΤΣΙΜΕΝΤΟΣΩΛΗΝΕΣ ονομαστικής πιέσεως 12,5 και 15 bar (MET) (D = Διάμετρος σε mm, Τ = Τιμή συνδέσμου σε € ανά m) Ονομ. Πιέσεως 12,5 bar Ονομ. πιέσεως",Material,General,,0.0,0.0,0.0,0.0,0,EUR,0.0,0.224,1,1,Hydraulic works,Αναλυτικα Τιμολογια Εργων (ΓΓΔΕ),Hydraulic works,Hydraulic works - chapter 66,9055834d156c
364.1,100 — 364.4 175 — 364.7 300 — 364.10 450 — 364.13 700 — .2 125 — .5 200 — .8 350 — .11 500 — .14 800 — .3 150 — .6 250 — .9 400 — .12 600 — ΥΔΡ 365. ΣΥΝΔΕΣΜΟΙ ΑΠΟ ΑΜΙΑΝΤΟΤΣΙΜΕΝΤΟ ονομ. πιέσεως,Material,General,,0.0,0.0,0.0,0.0,0,EUR,0.0,1.02,1,1,Hydraulic works,Αναλυτικα Τιμολογια Εργων (ΓΓΔΕ),Hydraulic works,Hydraulic works - chapter 66,4c4413f62834
363.1,100 — 363.8 350 — 363.15 100 — 363.22 350 — .2 125 — .9 400 — .16 125 — .23 400 — .3 150 — .10 450 — .17 150 — .24 450 — .4 175 — .11 500 — .18 175 — .25 500 — .5 200 — .12 600 — .19 200 — .26 600 — .6 250 — .13 700 — .20 250 — .27 700 — .7 300 — .14 800 — .21 300 — .28 800 — ΥΔΡ 364. ΑΜΙΑΝΤΟΤΣΙΜΕΝΤΟΣΩΛΗΝΕΣ ονομαστικής πιέσεως,Material,General,,0.0,0.0,0.0,0.0,0,EUR,0.0,0.224,1,1,Hydraulic works,Αναλυτικα Τιμολογια Εργων (ΓΓΔΕ),Hydraulic works,Hydraulic works - chapter 66,b4a2b2f93dd1
362.1,100 — 362.4 175 — 362.7 300 — 362.10 450 — 362.13 700 — .2 125 — .5 200 — .8 350 — .11 500 — 800 — .14 .3 150 — .6 250 — .9 400 — .12 600,Material,General,,0.0,0.0,0.0,0.0,0,EUR,0.0,1.02,1,1,Hydraulic works,Αναλυτικα Τιμολογια Εργων (ΓΓΔΕ),Hydraulic works,Hydraulic works - chapter 66,e1fe57b1c876
230,"Λωρίδες ραμποτέ από ξυλεία λαρικοειδούς (λαρτζίνης), πλάτους 4 έως 7 cm, καθαρού πάχους τουλάχιστον 22 mm και μήκους τουλάχιστον 40 cm, προελεύσεως εγχώριας",Material,General,m2,0.0,0.0,0.0,0.0,0,EUR,0.0,1.05,1,1,Building works,Αναλυτικα Τιμολογια Εργων (ΓΓΔΕ),Building works,Building works - chapter 53,de4492bad226
229,"Λωρίδες ραμποτέ από ξυλεία καστανιάς, πλάτους 4 έως 7 cm, καθαρού πάχους τουλάχιστον 22 mm και μήκους τουλάχιστον 40 cm, προελεύσεως εγχώριας",Material,General,m2,0.0,0.0,0.0,0.0,0,EUR,0.0,1.05,1,1,Building works,Αναλυτικα Τιμολογια Εργων (ΓΓΔΕ),Building works,Building works - chapter 53,ee050d9a52b6
293,Δικτυωτό χαλυβδόφυλλο (μετά των αναλογούντων μικροϋλικών),Material,General,m2,0.0,0.0,0.0,0.0,0,EUR,0.0,1.1,1,1,Building works,Αναλυτικα Τιμολογια Εργων (ΓΓΔΕ),Building works,Building works - chapter 61,73a7b69c9884
280,Γωνιόκρανον από γαλβανισμένη λαμαρίνα,Material,General,m,1.14,1.14,1.14,1.14,1,EUR,1.2,1.05,1,1,Building works,Αναλυτικα Τιμολογια Εργων (ΓΓΔΕ),Building works,Building works - chapter 61,233052a3ca66
521,Κόλλα φορμάικας,Material,General,kg,2.46,2.46,2.46,2.46,1,EUR,0.62,0.25,1,1,Building works,Αναλυτικα Τιμολογια Εργων (ΓΓΔΕ),Building works,Building works - chapter 56,d998af6107b0
225,Φαινοπλαστικά φύλλα (φορμάικα) εγχώρια,Material,General,m2,4.0,4.0,4.0,4.0,1,EUR,4.4,1.1,1,1,Building works,Αναλυτικα Τιμολογια Εργων (ΓΓΔΕ),Building works,Building works - chapter 56,529103612f54
537,"Πλαστικός χειρολισθήρ, πλάτους 50 mm και παντός χρώματος",Material,General,m,1.7,1.7,1.7,1.7,1,EUR,1.78,1.05,1,1,Building works,Αναλυτικα Τιμολογια Εργων (ΓΓΔΕ),Building works,Building works - chapter 55,6a873ebfaca3
4623.2,ΟΙΚ 4623.2,Abstract Material,General,,47.04,47.04,47.04,47.04,1,EUR,47.04,1.0,1,1,Building works,Αναλυτικα Τιμολογια Εργων (ΓΓΔΕ),Building works,Building works - chapter 46,91379b5d5ffd
4623.1,ΟΙΚ 4623.1,Abstract Material,General,,46.12,46.12,46.12,46.12,1,EUR,46.12,1.0,1,1,Building works,Αναλυτικα Τιμολογια Εργων (ΓΓΔΕ),Building works,Building works - chapter 46,6f4ffae59d7c
1473,ΟΙΚ 1473,Abstract Material,General,,11.96,11.96,11.96,11.96,1,EUR,11.96,1.0,1,1,Building works,Αναλυτικα Τιμολογια Εργων (ΓΓΔΕ),Building works,Building works - chapter 54,855e1b537ba9
240,"Περιθώρια (σουβατεπιά) από ξυλεία πιτς-πάιν, πλάτους 5 έως 8 cm, πάχους τουλάχιστον 12 mm και μήκους τουλάχιστον 2 m, προελεύσεως Αμερικής",Material,General,m,1.4,1.4,1.4,1.4,1,EUR,1.48,1.06,1,1,Building works,Αναλυτικα Τιμολογια Εργων (ΓΓΔΕ),Building works,Building works - chapter 53,64d817d33d02
127,Πλίνθος από κυψελωτό κονιόδεμα βάρους 300 ή 400 kg/m3 οποιωνδήποτε διαστάσεων,Material,General,m3,81.22,81.22,81.22,81.22,1,EUR,85.28,1.05,1,1,Building works,Αναλυτικα Τιμολογια Εργων (ΓΓΔΕ),Building works,Building works - chapter 38,e3d419b4e875
259,Στοιχείο αγκυρώσεως οπλισμού προεντάσεως ανά καλώδιο οποιασδήποτε διαμέτρου,Material,General,τεμ,25.37,25.37,25.37,25.37,1,EUR,25.37,1.0,1,1,Building works,Αναλυτικα Τιμολογια Εργων (ΓΓΔΕ),Building works,Building works - chapter 38,74a782c04bac
258,Χάλυβας υψηλής αντοχής οπλισμού προεντάσεως (καλωδίων),Material,General,kg,7.82,7.82,7.82,7.82,1,EUR,11.34,1.45,1,1,Building works,Αναλυτικα Τιμολογια Εργων (ΓΓΔΕ),Building works,Building works - chapter 38,f7d2c7952f5b
6404,ΥΔΡ 6404,Abstract Material,General,,56.27,56.27,56.27,56.27,1,EUR,56.27,1.0,1,1,Hydraulic works,Αναλυτικα Τιμολογια Εργων (ΓΓΔΕ),Hydraulic works,Hydraulic works - chapter 64,a81d9f4a11f9
377.1,500 — 377.4 800 — 377.7 1100 — .2 700 — .5 900 — .8 1200 — .3 600 — .6 1000 — .9 1300 — ΥΔΡ 378. ΔΙΚΛΕΙΔΕΣ ΣΥΡΤΑΡΩΤΕΣ ΜΕ ΩΤΙΔΕΣ ονομαστικής πιέσεως,Material,General,,0.0,0.0,0.0,0.0,0,EUR,0.0,1.0,1,1,Hydraulic works,Αναλυτικα Τιμολογια Εργων (ΓΓΔΕ),Hydraulic works,Hydraulic works - chapter 66,75f944d0bcc9
376.12,"400 6,3 88,96 376.16 700 7,1 176,88 376.20 1100 11,0 400,99 .13 450 6,3 98,96 .17 800 8,0 224,52 .21 1200 12,5 487,60 .14 500 6,3 109,782 .18 900 10,0 302,64 .22 1300 12,5 528,60 .15 600 6,3 140,65 .19 1000 10,0 336,58 ΥΔΡ 377. ΣΩΛΗΝΕΣ ΠΡΟΕΝΤΕΤΑΜΕΝΟΥ ΣΚΥΡΟΔΕΜΑΤΟΣ μεγίστης ονομαστικής πιέσεως",Material,General,,91.6,91.6,91.6,91.6,1,EUR,91.6,1.0,1,1,Hydraulic works,Αναλυτικα Τιμολογια Εργων (ΓΓΔΕ),Hydraulic works,Hydraulic works - chapter 66,79ffd5e28881
373.1,"110 12,87 373.4 200 41,41 373.7 315 105,15 .2 140 20,31 .5 225 52,09 .8 355 133,45 .3 160 26,49 .6 280 82,68 .9 400 169,39 ΥΔΡ 374. ΠΛΑΣΤΙΚΟΙ ΣΩΛΗΝΕΣ ΥΠΟΝΟΜΩΝ της σειράς",Material,General,,11.31,11.31,11.31,11.31,1,EUR,11.54,1.02,1,1,Hydraulic works,Αναλυτικα Τιμολογια Εργων (ΓΓΔΕ),Hydraulic works,Hydraulic works - chapter 66,1bc5b4941aee
372.1,"110 8,65 372.4 200 27,62 372.7 315 70,33 .2 140 13,61 .5 225 35,14 .8 355 89,42 .3 160 17,84 .6 280 55,38 .9 400 113,19 ΥΔΡ 373. ΠΛΑΣΤΙΚΟΙ ΣΩΛΗΝΕΣ ΑΠΟ PVC ονομαστικής πιέσεως",Material,General,,7.6,7.6,7.6,7.6,1,EUR,7.75,1.02,1,1,Hydraulic works,Αναλυτικα Τιμολογια Εργων (ΓΓΔΕ),Hydraulic works,Hydraulic works - chapter 66,59acb0cfa095
455,Μίνιο 100% σε σκόνη,Material,General,kg,3.09,3.09,3.09,3.09,1,EUR,2.26,0.73,1,1,Building works,Αναλυτικα Τιμολογια Εργων (ΓΓΔΕ),Building works,Building works - chapter 14,526e9da1f62d
487,Κόλλα για υδροχρωματισμούς,Material,General,kg,13.88,13.88,13.88,13.88,1,EUR,0.56,0.04,1,1,Building works,Αναλυτικα Τιμολογια Εργων (ΓΓΔΕ),Building works,Building works - chapter 14,1859cdf365d3
356,Στροφεύς γύφτικος θυρών,Material,General,τεμ,0.66,0.66,0.66,0.66,1,EUR,1.32,2.0,1,1,Building works,Αναλυτικα Τιμολογια Εργων (ΓΓΔΕ),Building works,Building works - chapter 14,d04109df36d9
7016.1,ΥΔΡ 7016.1,Abstract Material,General,,78.81,78.81,78.81,78.81,1,EUR,78.81,1.0,1,1,Hydraulic works,Αναλυτικα Τιμολογια Εργων (ΓΓΔΕ),Hydraulic works,Hydraulic works - chapter 70,c35ab5b85de9
7008,"Προστασία πρανών με ογκολίθους, με την μεταφορά των υλικών από οποιαδήποτε απόσταση",Abstract Material,General,,20.01,20.01,20.01,20.01,1,EUR,20.01,1.0,1,1,Hydraulic works,Αναλυτικα Τιμολογια Εργων (ΓΓΔΕ),Hydraulic works,Hydraulic works - chapter 70,ac4c986d3220
7007,ΥΔΡ 7007,Abstract Material,General,,11.45,11.45,11.45,11.45,1,EUR,12.6,1.1,1,1,Hydraulic works,Αναλυτικα Τιμολογια Εργων (ΓΓΔΕ),Hydraulic works,Hydraulic works - chapter 70,b66b946cb6a4
397.1,"Πάσσαλοι περιφράξεως από σκυρόδεμα μήκους 1,90 m και διατομής Φ 7/9,5 τεμ 6,78 .2 Κλείθρο φορητό ανοξείδωτο τεμ 6,32 .4 Καυσόξυλα",Material,General,kg,7.05,7.05,7.05,7.05,1,EUR,14.8,2.1,1,1,Hydraulic works,Αναλυτικα Τιμολογια Εργων (ΓΓΔΕ),Hydraulic works,Hydraulic works - chapter 68,1f15e140b79e
6324,ΥΔΡ 6324,Abstract Material,General,,109.92,109.92,109.92,109.92,1,EUR,27.48,0.25,1,1,Hydraulic works,Αναλυτικα Τιμολογια Εργων (ΓΓΔΕ),Hydraulic works,Hydraulic works - chapter 68,49e0919c8444
237.1,Χυτοσιδηρά εγχώρια κιβώτια στηρίξεως αγωγών,Material,General,kg,1.38,1.38,1.38,1.38,1,EUR,1.38,1.0,1,1,Hydraulic works,Αναλυτικα Τιμολογια Εργων (ΓΓΔΕ),Hydraulic works,Hydraulic works - chapter 67,dd7ae884a439
6741.1,ΥΔΡ 6741.1,Abstract Material,General,,0.0,0.0,0.0,0.0,0,EUR,0.0,1.0,1,1,Hydraulic works,Αναλυτικα Τιμολογια Εργων (ΓΓΔΕ),Hydraulic works,Hydraulic works - chapter 67,a19614db21f8
6740.1,ΥΔΡ 6740.1,Abstract Material,General,,0.0,0.0,0.0,0.0,0,EUR,0.0,1.0,1,1,Hydraulic works,Αναλυτικα Τιμολογια Εργων (ΓΓΔΕ),Hydraulic works,Hydraulic works - chapter 67,47900247ad20
375.8,"200-160 12,59 375.13 160 10,98 375.14 200-160 18,93 .9 250-160 16,19 .10 315-160 21,78 .11 355-160 29,50 .12 400-160",Material,General,,11.06,11.06,11.06,11.06,1,EUR,11.61,1.05,1,1,Hydraulic works,Αναλυτικα Τιμολογια Εργων (ΓΓΔΕ),Hydraulic works,Hydraulic works - chapter 67,9196060dd458
375.1,"160 9,20 375.4 315 36,38 375.7 500 95,04 46,27 .2 200 14,41 .5 355 58,62 .3 250 22,47 .6 400 ΥΔΡ 375 β, γ, δ. ΕΞΑΡΤΗΜΑΤΑ ΓΙΑ ΠΛΑΣΤΙΚΟΥΣ ΣΩΛΗΝΕΣ ΥΠΟΝΟΜΩΝ της σειράς",Material,General,,8.09,8.09,8.09,8.09,1,EUR,8.25,1.02,1,1,Hydraulic works,Αναλυτικα Τιμολογια Εργων (ΓΓΔΕ),Hydraulic works,Hydraulic works - chapter 67,27c0a0bbc1d6
374.1,250 — 374.4 400 — 374.7 630 — .2 315 — .5 450 — .8 710 — .3 355 — .6 500 — ΥΔΡ 375α. ΠΛΑΣΤΙΚΟΙ ΣΩΛΗΝΕΣ ΥΠΟΝΟΜΩΝ της σειράς,Material,General,,0.0,0.0,0.0,0.0,0,EUR,0.0,1.02,1,1,Hydraulic works,Αναλυτικα Τιμολογια Εργων (ΓΓΔΕ),Hydraulic works,Hydraulic works - chapter 67,883deccabfdc
370.1,200/150 — 370.9 200/150 — 370.17 200/150 — .2 250/150 — .10 250/150 — .18 250/150 — .3 300/150 — .11 300/150 — .19 300/150 — .4 350/150 — .12 350/150 — .20 350/150 — .5 400/150 — .13 400/150 — .21 400/150 — .6 450/150 — .14 450/150 — .22 450/150 — .7 500/150 — .15 500/150 — .23 500/150,Material,General,,0.0,0.0,0.0,0.0,0,EUR,0.0,1.0,1,1,Hydraulic works,Αναλυτικα Τιμολογια Εργων (ΓΓΔΕ),Hydraulic works,Hydraulic works - chapter 67,11a05ecd1086
4661.2,ΟΙΚ 4661.2,Abstract Material,General,,20.33,20.33,20.33,20.33,1,EUR,20.33,1.0,1,1,Building works,Αναλυτικα Τιμολογια Εργων (ΓΓΔΕ),Building works,Building works - chapter 48,4e675c626a90
4661.1,ΟΙΚ 4661.1,Abstract Material,General,,20.07,20.07,20.07,20.07,1,EUR,20.07,1.0,1,1,Building works,Αναλυτικα Τιμολογια Εργων (ΓΓΔΕ),Building works,Building works - chapter 48,1ee0e0519d3d
228,"Λωρίδες ραμποτέ από ξυλεία δρυός, πλάτους 4 έως 7 cm, καθαρού πάχους m2 τουλάχιστον 22 mm και μήκους τουλάχιστον 40 cm, προελεύσεως Σλοβενίας",Material,General,,35.0,35.0,35.0,35.0,1,EUR,36.75,1.05,1,1,Building works,Αναλυτικα Τιμολογια Εργων (ΓΓΔΕ),Building works,Building works - chapter 53,d6ad34634ed2
488,Κολοφώνιο,Material,General,kg,5.5,5.5,5.5,5.5,1,EUR,2.97,0.54,1,1,Building works,Αναλυτικα Τιμολογια Εργων (ΓΓΔΕ),Building works,Building works - chapter 51,69771e79777d
369.1,200 — 369.11 200 — 369.21 200 — .2 250 — .12 250 — .22 250 — .3 300 — .13 300 — .23 300 — .4 350 — .14 350 — .24 350 — .5 400 — .15 400 — .25 400 — .6 450 — .16 450 — .26 450 — .7 500 — .17 500 — .27 500 — .8 600 — .18 600 — .28 600 — .9 700 — .19 700 — .29 700 — .10 800 — .20 800 — .30 800 — ΥΔΡ 370. ΕΙΔΙΚΑ ΤΕΜΑΧΙΑ ΑΠΟ ΑΜΙΑΝΤΟΤΣΙΜΕΝΤΟ για αμιαντοτσιμεντοσωλήνες υπονόμων της σειράς,Material,General,,0.0,0.0,0.0,0.0,0,EUR,0.0,0.224,1,1,Hydraulic works,Αναλυτικα Τιμολογια Εργων (ΓΓΔΕ),Hydraulic works,Hydraulic works - chapter 67,af8307d7b90c
368.1,200 — 368.11 200 — 368.21 200 — .2 250 — .12 250 — .22 250 — .3 300 — .13 300 — .23 300 — .4 350 — .14 350 — .24 350 — .5 400 — .15 400 — .25 400 — .6 450 — .16 450 — .26 450 — .7 500 — .17 500 — .27 500 — .8 600 — .18 600 — .28 600 — .9 700 — .19 700 — .29 700 — .10 800 — .20 800 — .30 800,Material,General,,0.0,0.0,0.0,0.0,0,EUR,0.0,1.02,1,1,Hydraulic works,Αναλυτικα Τιμολογια Εργων (ΓΓΔΕ),Hydraulic works,Hydraulic works - chapter 67,eac40d403928
358,Γρύλλος χωνευτός υαλοστασίων χωρίς χειρολαβή,Material,General,τεμ,3.34,3.34,3.34,3.34,1,EUR,3.34,1.0,1,1,Building works,Αναλυτικα Τιμολογια Εργων (ΓΓΔΕ),Building works,Building works - chapter 14,b3e1fd376711
7017.5,ΕΦΑΡΜΟΓΗ ΕΚΤΟΞΕΥΟΜΕΝΟΥ ΣΚΥΡΟΔΕΜΑΤΟΣ ΕΚΤΟΣ ΥΠΟΓΕΙΩΝ ΕΡΓΩΝ,Abstract Material,General,,33.57,33.57,33.57,33.57,1,EUR,33.57,1.0,1,1,Hydraulic works,Αναλυτικα Τιμολογια Εργων (ΓΓΔΕ),Hydraulic works,Hydraulic works - chapter 70,c4934a8c91b8
7017.2,ΕΦΑΡΜΟΓΗ ΕΚΤΟΞΕΥΟΜΕΝΟΥ ΣΚΥΡΟΔΕΜΑΤΟΣ ΕΚΤΟΣ ΥΠΟΓΕΙΩΝ ΕΡΓΩΝ,Abstract Material,General,,14.44,14.44,14.44,14.44,1,EUR,14.44,1.0,1,1,Hydraulic works,Αναλυτικα Τιμολογια Εργων (ΓΓΔΕ),Hydraulic works,Hydraulic works - chapter 70,bf52b00f6eee
7017.1,ΕΦΑΡΜΟΓΗ ΕΚΤΟΞΕΥΟΜΕΝΟΥ ΣΚΥΡΟΔΕΜΑΤΟΣ ΕΚΤΟΣ ΥΠΟΓΕΙΩΝ ΕΡΓΩΝ,Abstract Material,General,,78.81,78.81,78.81,78.81,1,EUR,78.81,1.0,1,1,Hydraulic works,Αναλυτικα Τιμολογια Εργων (ΓΓΔΕ),Hydraulic works,Hydraulic works - chapter 70,7b6398dd5e3a
7016.7,ΥΔΡ 7016.7,Abstract Material,General,,78.11,78.11,78.11,78.11,1,EUR,78.11,1.0,1,1,Hydraulic works,Αναλυτικα Τιμολογια Εργων (ΓΓΔΕ),Hydraulic works,Hydraulic works - chapter 70,283fdfd0b5bf
7016.6,ΥΔΡ 7016.6,Abstract Material,General,,38.3,38.3,38.3,38.3,1,EUR,38.3,1.0,1,1,Hydraulic works,Αναλυτικα Τιμολογια Εργων (ΓΓΔΕ),Hydraulic works,Hydraulic works - chapter 70,aec01b63eb1f
7016.8,ΥΔΡ 7016.8,Abstract Material,General,,101.31,101.31,101.31,101.31,1,EUR,101.31,1.0,1,1,Hydraulic works,Αναλυτικα Τιμολογια Εργων (ΓΓΔΕ),Hydraulic works,Hydraulic works - chapter 70,4c4f80fcaa3d
357,Στροφεύς γερμανικών εξώφυλλων No 12,Material,General,τεμ,1.44,1.44,1.44,1.44,1,EUR,5.77,4.0,1,1,Building works,Αναλυτικα Τιμολογια Εργων (ΓΓΔΕ),Building works,Building works - chapter 14,0b43575516a9
4612.2,ΟΙΚ 4612.2,Abstract Material,General,,0.0,0.0,0.0,0.0,0,EUR,0.0,1.0,1,1,Building works,Αναλυτικα Τιμολογια Εργων (ΓΓΔΕ),Building works,Building works - chapter 46,68a3107615f5
4612.1,ΟΙΚ 4612.1,Abstract Material,General,,0.0,0.0,0.0,0.0,0,EUR,0.0,1.0,1,1,Building works,Αναλυτικα Τιμολογια Εργων (ΓΓΔΕ),Building works,Building works - chapter 46,7ac5013e52cb
4602.2,ΟΙΚ 4602.2,Abstract Material,General,,0.0,0.0,0.0,0.0,0,EUR,0.0,1.0,1,1,Building works,Αναλυτικα Τιμολογια Εργων (ΓΓΔΕ),Building works,Building works - chapter 46,fbba85ad7e60
4602.1,ΟΙΚ 4602.1,Abstract Material,General,,0.0,0.0,0.0,0.0,0,EUR,0.0,1.0,1,1,Building works,Αναλυτικα Τιμολογια Εργων (ΓΓΔΕ),Building works,Building works - chapter 46,8583d9e72224
491,Πίσσα,Material,General,kg,0.54,0.54,0.54,0.54,1,EUR,0.68,1.26,1,1,Building works,Αναλυτικα Τιμολογια Εργων (ΓΓΔΕ),Building works,Building works - chapter 51,9fbe9cfdf6a9
483,Καυσόξυλα,Material,General,kg,0.17,0.17,0.17,0.17,1,EUR,0.3,1.8,1,1,Building works,Αναλυτικα Τιμολογια Εργων (ΓΓΔΕ),Building works,Building works - chapter 51,07c72a5fcc73
132,Πυρίμαχος πλίνθος διαστ. 23 χ 11 χ 6 cm προελεύσεως εγχώριας,Material,General,τεμ,0.88,0.88,0.88,0.88,1,EUR,545.6,620.0,1,1,Building works,Αναλυτικα Τιμολογια Εργων (ΓΓΔΕ),Building works,Building works - chapter 48,3f94007c2650
7016.2,ΥΔΡ 7016.2,Abstract Material,General,,26.16,26.16,26.16,26.16,1,EUR,26.16,1.0,1,1,Hydraulic works,Αναλυτικα Τιμολογια Εργων (ΓΓΔΕ),Hydraulic works,Hydraulic works - chapter 70,0f1cab4fdfa8
7016.3,ΥΔΡ 7016.3,Abstract Material,General,,22.69,22.69,22.69,22.69,1,EUR,22.69,1.0,1,1,Hydraulic works,Αναλυτικα Τιμολογια Εργων (ΓΓΔΕ),Hydraulic works,Hydraulic works - chapter 70,4bc745fd26c3
359,Φορτηγίδα Φ3,Equipment,General,ΗΜ,97.29,97.29,97.29,97.29,1,EUR,97.29,1.0,1,1,Marine / port works,Αναλυτικα Τιμολογια Εργων (ΓΓΔΕ),Marine / port works,Marine / port works - chapter 50,c0641edf6528
358,Φορτηγίδα Φ2,Equipment,General,ΗΜ,46.93,46.93,46.93,46.93,1,EUR,46.93,1.0,1,1,Marine / port works,Αναλυτικα Τιμολογια Εργων (ΓΓΔΕ),Marine / port works,Marine / port works - chapter 50,8816a53d1e6e
357,"από 10 51 Γεωτρύπανο περιστροφικό με ικανότητα διατρήσεως βραχώδη εδάφη οπής διαμέτρου 146 mm σε βάθος 100 m, που περιλα",Equipment,General,ΗΜ,233.08,233.08,233.08,233.08,1,EUR,233.08,1.0,1,1,Marine / port works,Αναλυτικα Τιμολογια Εργων (ΓΓΔΕ),Marine / port works,Marine / port works - chapter 50,b7e0c59e5632
356,"από 10 51 Γεωτρύπανο περιστροφικό με ικανότητα διατρήσεως βραχώδη εδάφη οπής διαμέτρου 146 mm σε βάθος 100 m, που περιλα",Equipment,General,ΗΜ,48.65,48.65,48.65,48.65,1,EUR,48.65,1.0,1,1,Marine / port works,Αναλυτικα Τιμολογια Εργων (ΓΓΔΕ),Marine / port works,Marine / port works - chapter 50,becfee400aa3
385,"Υδροληψίες αρδεύσεως τύπου ""Β"" SCHLUMBERGER ή παρεμφερείς",Material,General,,196.9,196.9,196.9,196.9,1,EUR,196.9,1.0,1,1,Marine / port works,Αναλυτικα Τιμολογια Εργων (ΓΓΔΕ),Marine / port works,Marine / port works - chapter 50,d1fdf8230696
355,"από 10 51 Γεωτρύπανο περιστροφικό με ικανότητα διατρήσεως βραχώδη εδάφη οπής διαμέτρου 146 mm σε βάθος 100 m, που περιλα",Equipment,General,ΗΜ,296.44,296.44,296.44,296.44,1,EUR,296.44,1.0,1,1,Marine / port works,Αναλυτικα Τιμολογια Εργων (ΓΓΔΕ),Marine / port works,Marine / port works - chapter 50,b3759db88f38
354,"από 10 51 Γεωτρύπανο περιστροφικό με ικανότητα διατρήσεως βραχώδη εδάφη οπής διαμέτρου 146 mm σε βάθος 100 m, που περιλα",Equipment,General,ΗΜ,592.71,592.71,592.71,592.71,1,EUR,592.71,1.0,1,1,Marine / port works,Αναλυτικα Τιμολογια Εργων (ΓΓΔΕ),Marine / port works,Marine / port works - chapter 50,7e5beaf2e9cb
353,"από 10 51 Γεωτρύπανο περιστροφικό με ικανότητα διατρήσεως βραχώδη εδάφη οπής διαμέτρου 146 mm σε βάθος 100 m, που περιλα",Equipment,General,ΗΜ,451.77,451.77,451.77,451.77,1,EUR,451.77,1.0,1,1,Marine / port works,Αναλυτικα Τιμολογια Εργων (ΓΓΔΕ),Marine / port works,Marine / port works - chapter 50,2222155db45b
352,"από 10 51 Γεωτρύπανο περιστροφικό με ικανότητα διατρήσεως βραχώδη εδάφη οπής διαμέτρου 146 mm σε βάθος 100 m, που περιλα",Equipment,General,ΗΜ,383.57,383.57,383.57,383.57,1,EUR,383.57,1.0,1,1,Marine / port works,Αναλυτικα Τιμολογια Εργων (ΓΓΔΕ),Marine / port works,Marine / port works - chapter 50,06f179a2ab91
351,"από 10 51 Γεωτρύπανο περιστροφικό με ικανότητα διατρήσεως βραχώδη εδάφη οπής διαμέτρου 146 mm σε βάθος 100 m, που περιλα",Equipment,General,ΗΜ,451.77,451.77,451.77,451.77,1,EUR,451.77,1.0,1,1,Marine / port works,Αναλυτικα Τιμολογια Εργων (ΓΓΔΕ),Marine / port works,Marine / port works - chapter 50,d52d838789fa
620.1,"Λεκάνη αποχωρητηρίου υψηλής πιέσεως εκ πορσελάνης, ""Ευρωπαϊκού"" (καθημένου) τύπου",Material,General,τεμ,73.0,73.0,73.0,73.0,1,EUR,73.0,1.0,1,1,Electromechanical works,Αναλυτικα Τιμολογια Εργων (ΓΓΔΕ),Electromechanical works,Electromechanical works - chapter 14,c60153189948
603.3,"Συρταρωτή βαλβίς (βάννα) ορειχάλκινη διαμέτρου 1 ins τεμ 4,89 605.3.5 Συρταρωτή βαλβίς (βάννα), σφηνοειδής, χυτοσιδηρά, δι' εγκαταστάσεις θερμάνσεως, ονομ. πιέσεως 10 atm, διαμέτρου 100 mm τεμ 136,00 619.2.2 Αναμικτήρ (μπαταρία) θερμού - ψυχρού ύδατος επί νιπτήρος, διαμ. 1/2 ins",Material,General,τεμ,5.65,5.65,5.65,5.65,1,EUR,5.82,1.03,1,1,Electromechanical works,Αναλυτικα Τιμολογια Εργων (ΓΓΔΕ),Electromechanical works,Electromechanical works - chapter 11,aa1c762a4049
561,Μολυβδοσωλήν δια διοχέτευσιν ύδατος kg 1.90,Material,General,,2.03,2.03,2.03,2.03,1,EUR,10.8,5.32,1,1,Electromechanical works,Αναλυτικα Τιμολογια Εργων (ΓΓΔΕ),Electromechanical works,Electromechanical works - chapter 2,e109530fe493
647.2,"Κάθισμα λεκάνης πλαστικόν μετά καλύμματος χρώματος λευκού τεμ 17,40 660.1.1 Πυροσβεστήρ κόνεως τύπου Ρα πλήρης, φορητός, γομώσεως 3 kg",Material,General,τεμ,19.0,19.0,19.0,19.0,1,EUR,19.0,1.0,1,1,Electromechanical works,Αναλυτικα Τιμολογια Εργων (ΓΓΔΕ),Electromechanical works,Electromechanical works - chapter 18,5e5ef92b23de
PU_JFSEAD_KTNUYV,Site establishment: project documentation set,Material,General,pcs,1.65,1.65,1.65,1.65,1,EUR,1.65,1.0,1,1,Building works,Αναλυτικα Τιμολογια Εργων (ΓΓΔΕ),Building works,Building works - chapter 21,a4e87e6426c3
PU_NIEGMI_CVHUQQ,Provisional works: temporary reference unit,Material,General,pcs,3.07,3.07,3.07,3.07,1,EUR,3.07,1.0,1,1,Building works,Αναλυτικα Τιμολογια Εργων (ΓΓΔΕ),Building works,Building works - chapter 21,cfba4cb29c78
PU_LEWGDD_LJQSMK,Quality assurance: sample verification set,Material,General,pcs,3.99,3.99,3.99,3.99,1,EUR,3.99,1.0,1,1,Building works,Αναλυτικα Τιμολογια Εργων (ΓΓΔΕ),Building works,Building works - chapter 21,4a77edc86352
